data_hora,loja,modelo,preco,titulo_produto,url
2026-08-13T00:00:00,Kabum (via Promotech),RX 9070 XT 16GB,4899.99,ASRock RX 9070 XT Challenger,https://promotech.app.br/produtos/placa-de-video/modelo/un3ua4ft/asrock-rx-9070-xt-challenger?visao=avancada
2026-08-13T00:00:00,Shopee (via Promotech),RTX 5070 Ti 16GB,7083.08,MSI RTX 5070 Ti Shadow 3X OC,https://promotech.app.br/produtos/placa-de-video/modelo/bdh32uxm?visao=avancada
2026-08-13T21:35:37,Kabum,RX 9070 XT 16GB,4899.99,"Placa de Vídeo ASRock Radeon RX 9070 XT Challenger, AMD, 16GB - 90-GA61ZZ-00UANF",https://www.kabum.com.br/produto/921271/placa-de-video-asrock-radeon-rx-9070-xt-challenger-amd-16gb-90-ga61zz-00uanf
2026-08-13T21:35:45,Promotech,RX 9070 XT 16GB,4899.99,ASRock RX 9070 XT Challenger - Placa de Vídeo | Promotech,https://promotech.app.br/produtos/placa-de-video/modelo/un3ua4ft/asrock-rx-9070-xt-challenger?visao=avancada
2026-08-13T21:35:48,Kabum,RTX 5070 Ti 16GB,7649.91,"Placa De Video Msi Geforce RTX 5070 Ti Shadow 3x Oc, 16gb, Gddr7, 256-bit, G507t-16s3c",https://www.kabum.com.br/produto/779497/placa-de-video-msi-geforce-rtx-5070-ti-shadow-3x-oc-16gb-gddr7-256-bit-g507t-16s3c
2026-08-13T21:35:56,Promotech,RTX 5070 Ti 16GB,7083.08,MSI RTX 5070 Ti Shadow 3X OC - Placa de Vídeo | Promotech,https://promotech.app.br/produtos/placa-de-video/modelo/bdh32uxm?visao=avancada
2026-08-14T19:23:53,Kabum,RX 9070 XT 16GB,4899.99,"Placa de Vídeo ASRock Radeon RX 9070 XT Challenger, AMD, 16GB - 90-GA61ZZ-00UANF",https://www.kabum.com.br/produto/921271/placa-de-video-asrock-radeon-rx-9070-xt-challenger-amd-16gb-90-ga61zz-00uanf
2026-08-14T19:24:02,Kabum,RTX 5070 Ti 16GB,7649.91,"Placa De Video Msi Geforce RTX 5070 Ti Shadow 3x Oc, 16gb, Gddr7, 256-bit, G507t-16s3c",https://www.kabum.com.br/produto/779497/placa-de-video-msi-geforce-rtx-5070-ti-shadow-3x-oc-16gb-gddr7-256-bit-g507t-16s3c
2026-08-14T19:38:55,Kabum,RX 9070 XT 16GB,4899.99,"Placa de Vídeo ASRock Radeon RX 9070 XT Challenger, AMD, 16GB - 90-GA61ZZ-00UANF",https://www.kabum.com.br/produto/921271/placa-de-video-asrock-radeon-rx-9070-xt-challenger-amd-16gb-90-ga61zz-00uanf
2026-08-14T19:39:00,Terabyte,RX 9070 XT 16GB,4699.99,Placa de Vídeo ASRock RX 9070 XT Challenger 16GB GDDR6 | Terabyte,https://www.terabyteshop.com.br/produto/38584/placa-de-video-asrock-amd-radeon-rx-9070-xt-challenger-16gb-gddr6-fsr-ray-tracing-90-ga61zz-00uanf
2026-08-14T19:39:06,Promotech (menor preço),RX 9070 XT 16GB,4699.99,"ASRock RX 9070 XT Challenger R$ 4.699,99 ou R$ 5.411,60 parcelado Ver Ofertas",https://promotech.app.br/busca?q=Rx+9070+XT
2026-08-14T19:39:10,Kabum,RTX 5070 Ti 16GB,7649.91,"Placa De Video Msi Geforce RTX 5070 Ti Shadow 3x Oc, 16gb, Gddr7, 256-bit, G507t-16s3c",https://www.kabum.com.br/produto/779497/placa-de-video-msi-geforce-rtx-5070-ti-shadow-3x-oc-16gb-gddr7-256-bit-g507t-16s3c
2026-08-14T19:39:14,Terabyte,RTX 5070 Ti 16GB,8549.91,GPU MSI RTX 5070 Ti Shadow 3X OC 16GB GDDR7 | Terabyte,https://www.terabyteshop.com.br/produto/35475/placa-de-video-msi-nvidia-geforce-rtx-5070-ti-shadow-3x-oc-16gb-gddr7-dlss-ray-tracing-912-v531-097
2026-08-14T19:39:17,Promotech (menor preço),RTX 5070 Ti 16GB,7083.08,"MSI RTX 5070 Ti Shadow 3X OC R$ 7.083,08 ou R$ 7.699,00 parcelado Ver Ofertas",https://promotech.app.br/busca?q=RTX+5070+TI
2026-08-14T20:37:24,Kabum,RX 9070 XT 16GB,4899.99,"Placa de Vídeo ASRock Radeon RX 9070 XT Challenger, AMD, 16GB - 90-GA61ZZ-00UANF",https://www.kabum.com.br/produto/921271/placa-de-video-asrock-radeon-rx-9070-xt-challenger-amd-16gb-90-ga61zz-00uanf
2026-08-14T20:37:27,Terabyte,RX 9070 XT 16GB,4699.99,Placa de Vídeo ASRock RX 9070 XT Challenger 16GB GDDR6 | Terabyte,https://www.terabyteshop.com.br/produto/38584/placa-de-video-asrock-amd-radeon-rx-9070-xt-challenger-16gb-gddr6-fsr-ray-tracing-90-ga61zz-00uanf
2026-08-14T20:37:32,Promotech (menor preço),RX 9070 XT 16GB,4699.99,"ASRock RX 9070 XT Challenger R$ 4.699,99 ou R$ 5.411,60 parcelado Ver Ofertas",https://promotech.app.br/busca?q=Rx+9070+XT
2026-08-14T20:37:36,Kabum,RTX 5070 Ti 16GB,7649.91,"Placa De Video Msi Geforce RTX 5070 Ti Shadow 3x Oc, 16gb, Gddr7, 256-bit, G507t-16s3c",https://www.kabum.com.br/produto/779497/placa-de-video-msi-geforce-rtx-5070-ti-shadow-3x-oc-16gb-gddr7-256-bit-g507t-16s3c
2026-08-14T20:37:40,Terabyte,RTX 5070 Ti 16GB,8549.91,GPU MSI RTX 5070 Ti Shadow 3X OC 16GB GDDR7 | Terabyte,https://www.terabyteshop.com.br/produto/35475/placa-de-video-msi-nvidia-geforce-rtx-5070-ti-shadow-3x-oc-16gb-gddr7-dlss-ray-tracing-912-v531-097
2026-08-14T20:37:44,Promotech (menor preço),RTX 5070 Ti 16GB,7083.08,"MSI RTX 5070 Ti Shadow 3X OC R$ 7.083,08 ou R$ 7.699,00 parcelado Ver Ofertas",https://promotech.app.br/busca?q=RTX+5070+TI
2026-08-15T09:33:25,Kabum,RX 9070 XT 16GB,4899.99,"Placa de Vídeo ASRock Radeon RX 9070 XT Challenger, AMD, 16GB - 90-GA61ZZ-00UANF",https://www.kabum.com.br/produto/921271/placa-de-video-asrock-radeon-rx-9070-xt-challenger-amd-16gb-90-ga61zz-00uanf
2026-08-15T09:33:30,Terabyte,RX 9070 XT 16GB,4699.99,Placa de Vídeo ASRock RX 9070 XT Challenger 16GB GDDR6 | Terabyte,https://www.terabyteshop.com.br/produto/38584/placa-de-video-asrock-amd-radeon-rx-9070-xt-challenger-16gb-gddr6-fsr-ray-tracing-90-ga61zz-00uanf
2026-08-15T09:33:34,Promotech (menor preço),RX 9070 XT 16GB,4699.99,"ASRock RX 9070 XT Challenger R$ 4.699,99 ou R$ 5.500,00 parcelado Ver Ofertas",https://promotech.app.br/busca?q=Rx+9070+XT
2026-08-15T09:33:39,Kabum,RTX 5070 Ti 16GB,7649.91,"Placa De Video Msi Geforce RTX 5070 Ti Shadow 3x Oc, 16gb, Gddr7, 256-bit, G507t-16s3c",https://www.kabum.com.br/produto/779497/placa-de-video-msi-geforce-rtx-5070-ti-shadow-3x-oc-16gb-gddr7-256-bit-g507t-16s3c
2026-08-15T09:33:45,Terabyte,RTX 5070 Ti 16GB,8549.91,GPU MSI RTX 5070 Ti Shadow 3X OC 16GB GDDR7 | Terabyte,https://www.terabyteshop.com.br/produto/35475/placa-de-video-msi-nvidia-geforce-rtx-5070-ti-shadow-3x-oc-16gb-gddr7-dlss-ray-tracing-912-v531-097
2026-08-15T09:33:50,Promotech (menor preço),RTX 5070 Ti 16GB,7083.08,"MSI RTX 5070 Ti Shadow 3X OC R$ 7.083,08 ou R$ 7.699,00 parcelado Ver Ofertas",https://promotech.app.br/busca?q=RTX+5070+TI
2026-08-17T20:11:54,Kabum,RX 9070 XT 16GB,5139.99,"Placa de Vídeo ASRock Radeon RX 9070 XT Challenger, AMD, 16GB - 90-GA61ZZ-00UANF",https://www.kabum.com.br/produto/921271/placa-de-video-asrock-radeon-rx-9070-xt-challenger-amd-16gb-90-ga61zz-00uanf
2026-08-17T20:11:57,Terabyte,RX 9070 XT 16GB,5099.9,Placa de Vídeo ASRock RX 9070 XT Challenger 16GB GDDR6 | Terabyte,https://www.terabyteshop.com.br/produto/38584/placa-de-video-asrock-amd-radeon-rx-9070-xt-challenger-16gb-gddr6-fsr-ray-tracing-90-ga61zz-00uanf
2026-08-17T20:12:01,Promotech (menor preço),RX 9070 XT 16GB,4899.99,"ASRock RX 9070 XT Challenger R$ 4.899,99 ou R$ 5.500,00 parcelado Ver Ofertas",https://promotech.app.br/busca?q=Rx+9070+XT
2026-08-17T20:12:05,Kabum,RTX 5070 Ti 16GB,7649.91,"Placa De Video Msi Geforce RTX 5070 Ti Shadow 3x Oc, 16gb, Gddr7, 256-bit, G507t-16s3c",https://www.kabum.com.br/produto/779497/placa-de-video-msi-geforce-rtx-5070-ti-shadow-3x-oc-16gb-gddr7-256-bit-g507t-16s3c
2026-08-17T20:12:08,Terabyte,RTX 5070 Ti 16GB,8549.91,GPU MSI RTX 5070 Ti Shadow 3X OC 16GB GDDR7 | Terabyte,https://www.terabyteshop.com.br/produto/35475/placa-de-video-msi-nvidia-geforce-rtx-5070-ti-shadow-3x-oc-16gb-gddr7-dlss-ray-tracing-912-v531-097
2026-08-17T20:12:13,Promotech (menor preço),RTX 5070 Ti 16GB,7083.08,"MSI RTX 5070 Ti Shadow 3X OC R$ 7.083,08 ou R$ 7.499,00 parcelado Ver Ofertas",https://promotech.app.br/busca?q=RTX+5070+TI
2026-08-18T21:13:21,Kabum,RX 9070 XT 16GB,5139.99,"Placa de Vídeo ASRock Radeon RX 9070 XT Challenger, AMD, 16GB - 90-GA61ZZ-00UANF",https://www.kabum.com.br/produto/921271/placa-de-video-asrock-radeon-rx-9070-xt-challenger-amd-16gb-90-ga61zz-00uanf
2026-08-18T21:13:25,Terabyte,RX 9070 XT 16GB,4799.99,Placa de Vídeo ASRock RX 9070 XT Challenger 16GB GDDR6 | Terabyte,https://www.terabyteshop.com.br/produto/38584/placa-de-video-asrock-amd-radeon-rx-9070-xt-challenger-16gb-gddr6-fsr-ray-tracing-90-ga61zz-00uanf
2026-08-18T21:13:30,Promotech (menor preço),RX 9070 XT 16GB,4799.99,"ASRock RX 9070 XT Challenger R$ 4.799,99 ou R$ 5.500,00 parcelado Ver Ofertas",https://promotech.app.br/busca?q=Rx+9070+XT
2026-08-18T21:13:35,Kabum,RTX 5070 Ti 16GB,7649.91,"Placa De Video Msi Geforce RTX 5070 Ti Shadow 3x Oc, 16gb, Gddr7, 256-bit, G507t-16s3c",https://www.kabum.com.br/produto/779497/placa-de-video-msi-geforce-rtx-5070-ti-shadow-3x-oc-16gb-gddr7-256-bit-g507t-16s3c
2026-08-18T21:13:38,Terabyte,RTX 5070 Ti 16GB,8549.91,GPU MSI RTX 5070 Ti Shadow 3X OC 16GB GDDR7 | Terabyte,https://www.terabyteshop.com.br/produto/35475/placa-de-video-msi-nvidia-geforce-rtx-5070-ti-shadow-3x-oc-16gb-gddr7-dlss-ray-tracing-912-v531-097
2026-08-18T21:13:43,Promotech (menor preço),RTX 5070 Ti 16GB,7083.08,"MSI RTX 5070 Ti Shadow 3X OC R$ 7.083,08 ou R$ 7.499,00 parcelado Ver Ofertas",https://promotech.app.br/busca?q=RTX+5070+TI
2026-08-20T23:02:05,Kabum,RX 9070 XT 16GB,5139.99,"Placa de Vídeo ASRock Radeon RX 9070 XT Challenger, AMD, 16GB - 90-GA61ZZ-00UANF",https://www.kabum.com.br/produto/921271/placa-de-video-asrock-radeon-rx-9070-xt-challenger-amd-16gb-90-ga61zz-00uanf
2026-08-20T23:02:10,Terabyte,RX 9070 XT 16GB,5099.9,Placa de Vídeo ASRock RX 9070 XT Challenger 16GB GDDR6 | Terabyte,https://www.terabyteshop.com.br/produto/38584/placa-de-video-asrock-amd-radeon-rx-9070-xt-challenger-16gb-gddr6-fsr-ray-tracing-90-ga61zz-00uanf
2026-08-20T23:02:14,Promotech (menor preço),RX 9070 XT 16GB,4899.89,"ASRock RX 9070 XT Challenger R$ 4.899,89 ou R$ 5.500,00 parcelado Ver Ofertas",https://promotech.app.br/busca?q=Rx+9070+XT
2026-08-20T23:02:19,Kabum,RTX 5070 Ti 16GB,7649.91,"Placa De Video Msi Geforce RTX 5070 Ti Shadow 3x Oc, 16gb, Gddr7, 256-bit, G507t-16s3c",https://www.kabum.com.br/produto/779497/placa-de-video-msi-geforce-rtx-5070-ti-shadow-3x-oc-16gb-gddr7-256-bit-g507t-16s3c
2026-08-20T23:02:23,Terabyte,RTX 5070 Ti 16GB,8549.91,GPU MSI RTX 5070 Ti Shadow 3X OC 16GB GDDR7 | Terabyte,https://www.terabyteshop.com.br/produto/35475/placa-de-video-msi-nvidia-geforce-rtx-5070-ti-shadow-3x-oc-16gb-gddr7-dlss-ray-tracing-912-v531-097
2026-08-20T23:02:27,Promotech (menor preço),RTX 5070 Ti 16GB,7083.08,"MSI RTX 5070 Ti Shadow 3X OC R$ 7.083,08 ou R$ 7.699,00 parcelado Ver Ofertas",https://promotech.app.br/busca?q=RTX+5070+TI
2026-08-21T22:21:16,Kabum,RX 9070 XT 16GB,6999.99,"Placa de Vídeo ASRock Radeon RX 9070 XT Challenger, AMD, 16GB - 90-GA61ZZ-00UANF",https://www.kabum.com.br/produto/921271/placa-de-video-asrock-radeon-rx-9070-xt-challenger-amd-16gb-90-ga61zz-00uanf
2026-08-21T22:21:22,Terabyte,RX 9070 XT 16GB,4899.99,Placa de Vídeo ASRock RX 9070 XT Challenger 16GB GDDR6 | Terabyte,https://www.terabyteshop.com.br/produto/38584/placa-de-video-asrock-amd-radeon-rx-9070-xt-challenger-16gb-gddr6-fsr-ray-tracing-90-ga61zz-00uanf
2026-08-21T22:21:25,Promotech (menor preço),RX 9070 XT 16GB,4899.89,"ASRock RX 9070 XT Challenger R$ 4.899,89 ou R$ 5.500,00 parcelado Ver Ofertas",https://promotech.app.br/busca?q=Rx+9070+XT
2026-08-21T22:21:28,Kabum,RTX 5070 Ti 16GB,7649.91,"Placa De Video Msi Geforce RTX 5070 Ti Shadow 3x Oc, 16gb, Gddr7, 256-bit, G507t-16s3c",https://www.kabum.com.br/produto/779497/placa-de-video-msi-geforce-rtx-5070-ti-shadow-3x-oc-16gb-gddr7-256-bit-g507t-16s3c
2026-08-21T22:21:33,Terabyte,RTX 5070 Ti 16GB,8549.91,GPU MSI RTX 5070 Ti Shadow 3X OC 16GB GDDR7 | Terabyte,https://www.terabyteshop.com.br/produto/35475/placa-de-video-msi-nvidia-geforce-rtx-5070-ti-shadow-3x-oc-16gb-gddr7-dlss-ray-tracing-912-v531-097
2026-08-21T22:21:36,Promotech (menor preço),RTX 5070 Ti 16GB,7083.08,"MSI RTX 5070 Ti Shadow 3X OC R$ 7.083,08 ou R$ 7.699,00 parcelado Ver Ofertas",https://promotech.app.br/busca?q=RTX+5070+TI
2026-08-21T22:32:30,Kabum,RX 9070 XT 16GB,6999.99,"Placa de Vídeo ASRock Radeon RX 9070 XT Challenger, AMD, 16GB - 90-GA61ZZ-00UANF",https://www.kabum.com.br/produto/921271/placa-de-video-asrock-radeon-rx-9070-xt-challenger-amd-16gb-90-ga61zz-00uanf
2026-08-21T22:32:33,Terabyte,RX 9070 XT 16GB,4899.99,Placa de Vídeo ASRock RX 9070 XT Challenger 16GB GDDR6 | Terabyte,https://www.terabyteshop.com.br/produto/38584/placa-de-video-asrock-amd-radeon-rx-9070-xt-challenger-16gb-gddr6-fsr-ray-tracing-90-ga61zz-00uanf
2026-08-21T22:32:36,Promotech (menor preço),RX 9070 XT 16GB,4899.89,"ASRock RX 9070 XT Challenger R$ 4.899,89 ou R$ 5.500,00 parcelado Ver Ofertas",https://promotech.app.br/busca?q=Rx+9070+XT
2026-08-21T22:32:42,Kabum,RTX 5070 Ti 16GB,7649.91,"Placa De Video Msi Geforce RTX 5070 Ti Shadow 3x Oc, 16gb, Gddr7, 256-bit, G507t-16s3c",https://www.kabum.com.br/produto/779497/placa-de-video-msi-geforce-rtx-5070-ti-shadow-3x-oc-16gb-gddr7-256-bit-g507t-16s3c
2026-08-21T22:32:46,Terabyte,RTX 5070 Ti 16GB,8549.91,GPU MSI RTX 5070 Ti Shadow 3X OC 16GB GDDR7 | Terabyte,https://www.terabyteshop.com.br/produto/35475/placa-de-video-msi-nvidia-geforce-rtx-5070-ti-shadow-3x-oc-16gb-gddr7-dlss-ray-tracing-912-v531-097
2026-08-21T22:32:50,Promotech (menor preço),RTX 5070 Ti 16GB,7083.08,"MSI RTX 5070 Ti Shadow 3X OC R$ 7.083,08 ou R$ 7.699,00 parcelado Ver Ofertas",https://promotech.app.br/busca?q=RTX+5070+TI
2026-08-22T08:51:58,Kabum,RX 9070 XT 16GB,6999.99,"Placa de Vídeo ASRock Radeon RX 9070 XT Challenger, AMD, 16GB - 90-GA61ZZ-00UANF",https://www.kabum.com.br/produto/921271/placa-de-video-asrock-radeon-rx-9070-xt-challenger-amd-16gb-90-ga61zz-00uanf
2026-08-22T08:52:02,Terabyte,RX 9070 XT 16GB,4899.99,Placa de Vídeo ASRock RX 9070 XT Challenger 16GB GDDR6 | Terabyte,https://www.terabyteshop.com.br/produto/38584/placa-de-video-asrock-amd-radeon-rx-9070-xt-challenger-16gb-gddr6-fsr-ray-tracing-90-ga61zz-00uanf
2026-08-22T08:52:05,Promotech (menor preço),RX 9070 XT 16GB,4899.89,"ASRock RX 9070 XT Challenger R$ 4.899,89 ou R$ 5.500,00 parcelado Ver Ofertas",https://promotech.app.br/busca?q=Rx+9070+XT
2026-08-22T08:52:11,Kabum,RTX 5070 Ti 16GB,7649.91,"Placa De Video Msi Geforce RTX 5070 Ti Shadow 3x Oc, 16gb, Gddr7, 256-bit, G507t-16s3c",https://www.kabum.com.br/produto/779497/placa-de-video-msi-geforce-rtx-5070-ti-shadow-3x-oc-16gb-gddr7-256-bit-g507t-16s3c
2026-08-22T08:52:15,Terabyte,RTX 5070 Ti 16GB,8549.91,GPU MSI RTX 5070 Ti Shadow 3X OC 16GB GDDR7 | Terabyte,https://www.terabyteshop.com.br/produto/35475/placa-de-video-msi-nvidia-geforce-rtx-5070-ti-shadow-3x-oc-16gb-gddr7-dlss-ray-tracing-912-v531-097
2026-08-22T08:52:17,Promotech (menor preço),RTX 5070 Ti 16GB,7083.08,"MSI RTX 5070 Ti Shadow 3X OC R$ 7.083,08 ou R$ 7.699,00 parcelado Ver Ofertas",https://promotech.app.br/busca?q=RTX+5070+TI
2026-08-24T22:19:38,Kabum,RX 9070 XT 16GB,4999.99,"Placa de Vídeo ASRock Radeon RX 9070 XT Challenger, AMD, 16GB - 90-GA61ZZ-00UANF",https://www.kabum.com.br/produto/921271/placa-de-video-asrock-radeon-rx-9070-xt-challenger-amd-16gb-90-ga61zz-00uanf
2026-08-24T22:19:42,Terabyte,RX 9070 XT 16GB,5099.9,Placa de Vídeo ASRock RX 9070 XT Challenger 16GB GDDR6 | Terabyte,https://www.terabyteshop.com.br/produto/38584/placa-de-video-asrock-amd-radeon-rx-9070-xt-challenger-16gb-gddr6-fsr-ray-tracing-90-ga61zz-00uanf
2026-08-24T22:19:47,Promotech (menor preço),RX 9070 XT 16GB,4899.89,"ASRock RX 9070 XT Challenger R$ 4.899,89 ou R$ 5.500,00 parcelado Ver Ofertas",https://promotech.app.br/busca?q=Rx+9070+XT
2026-08-24T22:19:50,Kabum,RTX 5070 Ti 16GB,7649.91,"Placa De Video Msi Geforce RTX 5070 Ti Shadow 3x Oc, 16gb, Gddr7, 256-bit, G507t-16s3c",https://www.kabum.com.br/produto/779497/placa-de-video-msi-geforce-rtx-5070-ti-shadow-3x-oc-16gb-gddr7-256-bit-g507t-16s3c
2026-08-24T22:19:55,Terabyte,RTX 5070 Ti 16GB,8549.91,GPU MSI RTX 5070 Ti Shadow 3X OC 16GB GDDR7 | Terabyte,https://www.terabyteshop.com.br/produto/35475/placa-de-video-msi-nvidia-geforce-rtx-5070-ti-shadow-3x-oc-16gb-gddr7-dlss-ray-tracing-912-v531-097
2026-08-24T22:20:00,Promotech (menor preço),RTX 5070 Ti 16GB,7083.08,"MSI RTX 5070 Ti Shadow 3X OC R$ 7.083,08 ou R$ 7.699,00 parcelado Ver Ofertas",https://promotech.app.br/busca?q=RTX+5070+TI
2026-08-24T22:38:18,Kabum,RX 9070 XT 16GB,4999.99,"Placa de Vídeo ASRock Radeon RX 9070 XT Challenger, AMD, 16GB - 90-GA61ZZ-00UANF",https://www.kabum.com.br/produto/921271/placa-de-video-asrock-radeon-rx-9070-xt-challenger-amd-16gb-90-ga61zz-00uanf
2026-08-24T22:38:21,Terabyte,RX 9070 XT 16GB,5099.9,Placa de Vídeo ASRock RX 9070 XT Challenger 16GB GDDR6 | Terabyte,https://www.terabyteshop.com.br/produto/38584/placa-de-video-asrock-amd-radeon-rx-9070-xt-challenger-16gb-gddr6-fsr-ray-tracing-90-ga61zz-00uanf
2026-08-24T22:38:26,Promotech (menor preço),RX 9070 XT 16GB,4899.89,"ASRock RX 9070 XT Challenger R$ 4.899,89 ou R$ 5.500,00 parcelado Ver Ofertas",https://promotech.app.br/busca?q=Rx+9070+XT
2026-08-24T22:38:31,Kabum,RTX 5070 Ti 16GB,7649.91,"Placa De Video Msi Geforce RTX 5070 Ti Shadow 3x Oc, 16gb, Gddr7, 256-bit, G507t-16s3c",https://www.kabum.com.br/produto/779497/placa-de-video-msi-geforce-rtx-5070-ti-shadow-3x-oc-16gb-gddr7-256-bit-g507t-16s3c
2026-08-24T22:38:34,Terabyte,RTX 5070 Ti 16GB,8549.91,GPU MSI RTX 5070 Ti Shadow 3X OC 16GB GDDR7 | Terabyte,https://www.terabyteshop.com.br/produto/35475/placa-de-video-msi-nvidia-geforce-rtx-5070-ti-shadow-3x-oc-16gb-gddr7-dlss-ray-tracing-912-v531-097
2026-08-24T22:38:38,Promotech (menor preço),RTX 5070 Ti 16GB,7083.08,"MSI RTX 5070 Ti Shadow 3X OC R$ 7.083,08 ou R$ 7.699,00 parcelado Ver Ofertas",https://promotech.app.br/busca?q=RTX+5070+TI
2026-08-24T22:38:44,Kabum,RTX 5070 12GB,4999.99,"Placa de Vídeo MSI GeForce RTX 5070 12G VENTUS 2X OC,12 GB GDDR7, 28Gbps, NVIDIA GeForce RTX 5070- G5070-12V2C",https://www.kabum.com.br/produto/725587/placa-de-video-msi-geforce-rtx-5070-12g-ventus-2x-oc-12-gb-gddr7-28gbps-nvidia-geforce-rtx-5070-g5070-12v2c
2026-08-24T22:38:47,Terabyte,RTX 5070 12GB,4899.9,Placa de Vídeo Palit RTX 5070 White OC 12GB GDDR7 | Terabyte,https://www.terabyteshop.com.br/produto/40135/placa-de-video-palit-nvidia-geforce-rtx-5070-white-oc-12gb-gddr7-dlss-ray-tracing-ne75070u19k9-gb2050w
2026-08-24T22:38:50,Promotech (menor preço),RTX 5070 12GB,4699.99,"PNY RTX 5070 OC R$ 4.699,99 ou R$ 4.999,90 parcelado Ver Ofertas",https://promotech.app.br/busca?q=RTX+5070
2026-08-24T22:39:13,Kabum,RX 9070 XT 16GB,4999.99,"Placa de Vídeo ASRock Radeon RX 9070 XT Challenger, AMD, 16GB - 90-GA61ZZ-00UANF",https://www.kabum.com.br/produto/921271/placa-de-video-asrock-radeon-rx-9070-xt-challenger-amd-16gb-90-ga61zz-00uanf
2026-08-24T22:39:17,Terabyte,RX 9070 XT 16GB,5099.9,Placa de Vídeo ASRock RX 9070 XT Challenger 16GB GDDR6 | Terabyte,https://www.terabyteshop.com.br/produto/38584/placa-de-video-asrock-amd-radeon-rx-9070-xt-challenger-16gb-gddr6-fsr-ray-tracing-90-ga61zz-00uanf
2026-08-24T22:39:21,Promotech (menor preço),RX 9070 XT 16GB,4899.89,"ASRock RX 9070 XT Challenger R$ 4.899,89 ou R$ 5.500,00 parcelado Ver Ofertas",https://promotech.app.br/busca?q=Rx+9070+XT
2026-08-24T22:39:26,Kabum,RTX 5070 Ti 16GB,7649.91,"Placa De Video Msi Geforce RTX 5070 Ti Shadow 3x Oc, 16gb, Gddr7, 256-bit, G507t-16s3c",https://www.kabum.com.br/produto/779497/placa-de-video-msi-geforce-rtx-5070-ti-shadow-3x-oc-16gb-gddr7-256-bit-g507t-16s3c
2026-08-24T22:39:30,Terabyte,RTX 5070 Ti 16GB,8549.91,GPU MSI RTX 5070 Ti Shadow 3X OC 16GB GDDR7 | Terabyte,https://www.terabyteshop.com.br/produto/35475/placa-de-video-msi-nvidia-geforce-rtx-5070-ti-shadow-3x-oc-16gb-gddr7-dlss-ray-tracing-912-v531-097
2026-08-24T22:39:35,Promotech (menor preço),RTX 5070 Ti 16GB,7083.08,"MSI RTX 5070 Ti Shadow 3X OC R$ 7.083,08 ou R$ 7.699,00 parcelado Ver Ofertas",https://promotech.app.br/busca?q=RTX+5070+TI
2026-08-24T22:39:38,Kabum,RTX 5070 12GB,4999.99,"Placa de Vídeo MSI GeForce RTX 5070 12G VENTUS 2X OC,12 GB GDDR7, 28Gbps, NVIDIA GeForce RTX 5070- G5070-12V2C",https://www.kabum.com.br/produto/725587/placa-de-video-msi-geforce-rtx-5070-12g-ventus-2x-oc-12-gb-gddr7-28gbps-nvidia-geforce-rtx-5070-g5070-12v2c
2026-08-24T22:39:42,Terabyte,RTX 5070 12GB,4899.9,Placa de Vídeo Palit RTX 5070 White OC 12GB GDDR7 | Terabyte,https://www.terabyteshop.com.br/produto/40135/placa-de-video-palit-nvidia-geforce-rtx-5070-white-oc-12gb-gddr7-dlss-ray-tracing-ne75070u19k9-gb2050w
2026-08-24T22:39:45,Promotech (menor preço),RTX 5070 12GB,4999.99,"PNY RTX 5070 OC R$ 4.999,99 ou R$ 4.999,90 parcelado Ver Ofertas",https://promotech.app.br/busca?q=RTX+5070
2026-08-24T22:45:50,Kabum,RX 9070 XT 16GB,4999.99,"Placa de Vídeo ASRock Radeon RX 9070 XT Challenger, AMD, 16GB - 90-GA61ZZ-00UANF",https://www.kabum.com.br/produto/921271/placa-de-video-asrock-radeon-rx-9070-xt-challenger-amd-16gb-90-ga61zz-00uanf
2026-08-24T22:45:53,Terabyte,RX 9070 XT 16GB,5099.9,Placa de Vídeo ASRock RX 9070 XT Challenger 16GB GDDR6 | Terabyte,https://www.terabyteshop.com.br/produto/38584/placa-de-video-asrock-amd-radeon-rx-9070-xt-challenger-16gb-gddr6-fsr-ray-tracing-90-ga61zz-00uanf
2026-08-24T22:45:56,Promotech (menor preço),RX 9070 XT 16GB,4899.89,"ASRock RX 9070 XT Challenger R$ 4.899,89 ou R$ 5.500,00 parcelado Ver Ofertas",https://promotech.app.br/busca?q=Rx+9070+XT
2026-08-24T22:45:59,Kabum,RTX 5070 Ti 16GB,7649.91,"Placa De Video Msi Geforce RTX 5070 Ti Shadow 3x Oc, 16gb, Gddr7, 256-bit, G507t-16s3c",https://www.kabum.com.br/produto/779497/placa-de-video-msi-geforce-rtx-5070-ti-shadow-3x-oc-16gb-gddr7-256-bit-g507t-16s3c
2026-08-24T22:46:05,Terabyte,RTX 5070 Ti 16GB,8549.91,GPU MSI RTX 5070 Ti Shadow 3X OC 16GB GDDR7 | Terabyte,https://www.terabyteshop.com.br/produto/35475/placa-de-video-msi-nvidia-geforce-rtx-5070-ti-shadow-3x-oc-16gb-gddr7-dlss-ray-tracing-912-v531-097
2026-08-24T22:46:10,Promotech (menor preço),RTX 5070 Ti 16GB,7083.08,"MSI RTX 5070 Ti Shadow 3X OC R$ 7.083,08 ou R$ 7.699,00 parcelado Ver Ofertas",https://promotech.app.br/busca?q=RTX+5070+TI
2026-08-24T22:46:13,Kabum,RTX 5070 12GB,4999.99,"Placa de Vídeo MSI GeForce RTX 5070 12G VENTUS 2X OC,12 GB GDDR7, 28Gbps, NVIDIA GeForce RTX 5070- G5070-12V2C",https://www.kabum.com.br/produto/725587/placa-de-video-msi-geforce-rtx-5070-12g-ventus-2x-oc-12-gb-gddr7-28gbps-nvidia-geforce-rtx-5070-g5070-12v2c
2026-08-24T22:46:17,Terabyte,RTX 5070 12GB,4899.9,Placa de Vídeo Palit RTX 5070 White OC 12GB GDDR7 | Terabyte,https://www.terabyteshop.com.br/produto/40135/placa-de-video-palit-nvidia-geforce-rtx-5070-white-oc-12gb-gddr7-dlss-ray-tracing-ne75070u19k9-gb2050w
2026-08-24T22:46:20,Promotech (menor preço),RTX 5070 12GB,4999.99,"PNY RTX 5070 OC R$ 4.999,99 ou R$ 4.999,90 parcelado Ver Ofertas",https://promotech.app.br/busca?q=RTX+5070
2026-08-24T22:46:23,Buscapé (menor preço),PS5 Edição Digital 825GB,4231.91, PlayStation 5 Edição Digital 825GB,https://www.buscape.com.br/console-de-video-game/console-playstation-5-edicao-digital-sony-4k?_lc=88&experiencevariant=cro-12-2&searchterm=ps5%2Bconsole
2026-08-24T22:46:26,Buscapé (menor preço),PS5 Slim 1TB,4299.9, Playstation 5 Slim Edição Digital 1TB,https://www.buscape.com.br/console-de-video-game/pre-venda-console-playstation-5-slim-1-tb-sony-1214a-4k?_lc=88&experiencevariant=cro-12-2&searchterm=ps5%2Bconsole
2026-08-24T22:50:13,Kabum,RX 9070 XT 16GB,4999.99,"Placa de Vídeo ASRock Radeon RX 9070 XT Challenger, AMD, 16GB - 90-GA61ZZ-00UANF",https://www.kabum.com.br/produto/921271/placa-de-video-asrock-radeon-rx-9070-xt-challenger-amd-16gb-90-ga61zz-00uanf
2026-08-24T22:50:16,Terabyte,RX 9070 XT 16GB,5099.9,Placa de Vídeo ASRock RX 9070 XT Challenger 16GB GDDR6 | Terabyte,https://www.terabyteshop.com.br/produto/38584/placa-de-video-asrock-amd-radeon-rx-9070-xt-challenger-16gb-gddr6-fsr-ray-tracing-90-ga61zz-00uanf
2026-08-24T22:50:21,Promotech (menor preço),RX 9070 XT 16GB,4899.89,"ASRock RX 9070 XT Challenger R$ 4.899,89 ou R$ 5.500,00 parcelado Ver Ofertas",https://promotech.app.br/busca?q=Rx+9070+XT
2026-08-24T22:50:24,Kabum,RTX 5070 Ti 16GB,7649.91,"Placa De Video Msi Geforce RTX 5070 Ti Shadow 3x Oc, 16gb, Gddr7, 256-bit, G507t-16s3c",https://www.kabum.com.br/produto/779497/placa-de-video-msi-geforce-rtx-5070-ti-shadow-3x-oc-16gb-gddr7-256-bit-g507t-16s3c
2026-08-24T22:50:27,Terabyte,RTX 5070 Ti 16GB,8549.91,GPU MSI RTX 5070 Ti Shadow 3X OC 16GB GDDR7 | Terabyte,https://www.terabyteshop.com.br/produto/35475/placa-de-video-msi-nvidia-geforce-rtx-5070-ti-shadow-3x-oc-16gb-gddr7-dlss-ray-tracing-912-v531-097
2026-08-24T22:50:33,Promotech (menor preço),RTX 5070 Ti 16GB,7083.08,"MSI RTX 5070 Ti Shadow 3X OC R$ 7.083,08 ou R$ 7.699,00 parcelado Ver Ofertas",https://promotech.app.br/busca?q=RTX+5070+TI
2026-08-24T22:50:37,Kabum,RTX 5070 12GB,4999.99,"Placa de Vídeo MSI GeForce RTX 5070 12G VENTUS 2X OC,12 GB GDDR7, 28Gbps, NVIDIA GeForce RTX 5070- G5070-12V2C",https://www.kabum.com.br/produto/725587/placa-de-video-msi-geforce-rtx-5070-12g-ventus-2x-oc-12-gb-gddr7-28gbps-nvidia-geforce-rtx-5070-g5070-12v2c
2026-08-24T22:50:42,Terabyte,RTX 5070 12GB,4899.9,Placa de Vídeo Palit RTX 5070 White OC 12GB GDDR7 | Terabyte,https://www.terabyteshop.com.br/produto/40135/placa-de-video-palit-nvidia-geforce-rtx-5070-white-oc-12gb-gddr7-dlss-ray-tracing-ne75070u19k9-gb2050w
2026-08-24T22:50:44,Promotech (menor preço),RTX 5070 12GB,4999.99,"PNY RTX 5070 OC R$ 4.999,99 ou R$ 4.999,90 parcelado Ver Ofertas",https://promotech.app.br/busca?q=RTX+5070
2026-08-24T22:50:48,Buscapé (menor preço),PS5 Edição Digital 825GB,4231.91, PlayStation 5 Edição Digital 825GB,https://www.buscape.com.br/console-de-video-game/console-playstation-5-edicao-digital-sony-4k?_lc=88&experiencevariant=cro-12-2&searchterm=ps5%2Bconsole
2026-08-24T22:50:52,Buscapé (menor preço),PS5 Slim 1TB,4299.9, Playstation 5 Slim Edição Digital 1TB,https://www.buscape.com.br/console-de-video-game/pre-venda-console-playstation-5-slim-1-tb-sony-1214a-4k?_lc=88&experiencevariant=cro-12-2&searchterm=ps5%2Bconsole
2026-08-26T13:28:06,Kabum,RX 9070 XT 16GB,4999.99,"Placa de Vídeo ASRock Radeon RX 9070 XT Challenger, AMD, 16GB - 90-GA61ZZ-00UANF",https://www.kabum.com.br/produto/921271/placa-de-video-asrock-radeon-rx-9070-xt-challenger-amd-16gb-90-ga61zz-00uanf
2026-08-26T13:28:10,Terabyte,RX 9070 XT 16GB,5099.9,Placa de Vídeo ASRock RX 9070 XT Challenger 16GB GDDR6 | Terabyte,https://www.terabyteshop.com.br/produto/38584/placa-de-video-asrock-amd-radeon-rx-9070-xt-challenger-16gb-gddr6-fsr-ray-tracing-90-ga61zz-00uanf
2026-08-26T13:28:13,Promotech (menor preço),RX 9070 XT 16GB,4899.89,"ASRock RX 9070 XT Challenger R$ 4.899,89 ou R$ 5.445,00 parcelado Ver Ofertas",https://promotech.app.br/busca?q=Rx+9070+XT
2026-08-26T13:28:19,Kabum,RTX 5070 Ti 16GB,7649.91,"Placa De Video Msi Geforce RTX 5070 Ti Shadow 3x Oc, 16gb, Gddr7, 256-bit, G507t-16s3c",https://www.kabum.com.br/produto/779497/placa-de-video-msi-geforce-rtx-5070-ti-shadow-3x-oc-16gb-gddr7-256-bit-g507t-16s3c
2026-08-26T13:28:23,Terabyte,RTX 5070 Ti 16GB,8549.91,GPU MSI RTX 5070 Ti Shadow 3X OC 16GB GDDR7 | Terabyte,https://www.terabyteshop.com.br/produto/35475/placa-de-video-msi-nvidia-geforce-rtx-5070-ti-shadow-3x-oc-16gb-gddr7-dlss-ray-tracing-912-v531-097
2026-08-26T13:28:26,Promotech (menor preço),RTX 5070 Ti 16GB,7083.08,"MSI RTX 5070 Ti Shadow 3X OC R$ 7.083,08 ou R$ 7.699,00 parcelado Ver Ofertas",https://promotech.app.br/busca?q=RTX+5070+TI
2026-08-26T13:28:30,Kabum,RTX 5070 12GB,4999.99,"Placa de Vídeo MSI GeForce RTX 5070 12G VENTUS 2X OC,12 GB GDDR7, 28Gbps, NVIDIA GeForce RTX 5070- G5070-12V2C",https://www.kabum.com.br/produto/725587/placa-de-video-msi-geforce-rtx-5070-12g-ventus-2x-oc-12-gb-gddr7-28gbps-nvidia-geforce-rtx-5070-g5070-12v2c
2026-08-26T13:28:36,Terabyte,RTX 5070 12GB,4899.9,Placa de Vídeo Palit RTX 5070 White OC 12GB GDDR7 | Terabyte,https://www.terabyteshop.com.br/produto/40135/placa-de-video-palit-nvidia-geforce-rtx-5070-white-oc-12gb-gddr7-dlss-ray-tracing-ne75070u19k9-gb2050w
2026-08-26T13:28:41,Promotech (menor preço),RTX 5070 12GB,4699.99,"PNY RTX 5070 OC R$ 4.699,99 ou R$ 5.529,36 parcelado Ver Ofertas",https://promotech.app.br/busca?q=RTX+5070
2026-08-26T13:28:47,Buscapé (menor preço),PS5 Edição Digital 825GB,4231.91, PlayStation 5 Edição Digital 825GB,https://www.buscape.com.br/console-de-video-game/console-playstation-5-edicao-digital-sony-4k?_lc=88&experiencevariant=cro-12-2&searchterm=ps5%2Bconsole
2026-08-26T13:28:51,Buscapé (menor preço),PS5 Slim 1TB,4299.9, Playstation 5 Slim Edição Digital 1TB,https://www.buscape.com.br/console-de-video-game/pre-venda-console-playstation-5-slim-1-tb-sony-1214a-4k?_lc=88&experiencevariant=cro-12-2&searchterm=ps5%2Bconsole
2026-08-26T13:40:30,Kabum,RX 9070 XT 16GB,4999.99,"Placa de Vídeo ASRock Radeon RX 9070 XT Challenger, AMD, 16GB - 90-GA61ZZ-00UANF",https://www.kabum.com.br/produto/921271/placa-de-video-asrock-radeon-rx-9070-xt-challenger-amd-16gb-90-ga61zz-00uanf
2026-08-26T13:40:35,Terabyte,RX 9070 XT 16GB,5099.9,Placa de Vídeo ASRock RX 9070 XT Challenger 16GB GDDR6 | Terabyte,https://www.terabyteshop.com.br/produto/38584/placa-de-video-asrock-amd-radeon-rx-9070-xt-challenger-16gb-gddr6-fsr-ray-tracing-90-ga61zz-00uanf
2026-08-26T13:40:39,Promotech (menor preço),RX 9070 XT 16GB,4899.89,"ASRock RX 9070 XT Challenger R$ 4.899,89 ou R$ 5.445,00 parcelado Ver Ofertas",https://promotech.app.br/busca?q=Rx+9070+XT
2026-08-26T13:40:43,Kabum,RTX 5070 Ti 16GB,7649.91,"Placa De Video Msi Geforce RTX 5070 Ti Shadow 3x Oc, 16gb, Gddr7, 256-bit, G507t-16s3c",https://www.kabum.com.br/produto/779497/placa-de-video-msi-geforce-rtx-5070-ti-shadow-3x-oc-16gb-gddr7-256-bit-g507t-16s3c
2026-08-26T13:40:48,Terabyte,RTX 5070 Ti 16GB,8549.91,GPU MSI RTX 5070 Ti Shadow 3X OC 16GB GDDR7 | Terabyte,https://www.terabyteshop.com.br/produto/35475/placa-de-video-msi-nvidia-geforce-rtx-5070-ti-shadow-3x-oc-16gb-gddr7-dlss-ray-tracing-912-v531-097
2026-08-26T13:40:53,Promotech (menor preço),RTX 5070 Ti 16GB,7083.08,"MSI RTX 5070 Ti Shadow 3X OC R$ 7.083,08 ou R$ 7.699,00 parcelado Ver Ofertas",https://promotech.app.br/busca?q=RTX+5070+TI
2026-08-26T13:40:59,Kabum,RTX 5070 12GB,4999.99,"Placa de Vídeo MSI GeForce RTX 5070 12G VENTUS 2X OC,12 GB GDDR7, 28Gbps, NVIDIA GeForce RTX 5070- G5070-12V2C",https://www.kabum.com.br/produto/725587/placa-de-video-msi-geforce-rtx-5070-12g-ventus-2x-oc-12-gb-gddr7-28gbps-nvidia-geforce-rtx-5070-g5070-12v2c
2026-08-26T13:41:03,Terabyte,RTX 5070 12GB,4899.9,Placa de Vídeo Palit RTX 5070 White OC 12GB GDDR7 | Terabyte,https://www.terabyteshop.com.br/produto/40135/placa-de-video-palit-nvidia-geforce-rtx-5070-white-oc-12gb-gddr7-dlss-ray-tracing-ne75070u19k9-gb2050w
2026-08-26T13:41:06,Promotech (menor preço),RTX 5070 12GB,4699.99,"PNY RTX 5070 OC R$ 4.699,99 ou R$ 5.529,36 parcelado Ver Ofertas",https://promotech.app.br/busca?q=RTX+5070
2026-08-26T13:41:10,Buscapé (menor preço),PS5 Edição Digital 825GB,4231.91, PlayStation 5 Edição Digital 825GB,https://www.buscape.com.br/console-de-video-game/console-playstation-5-edicao-digital-sony-4k?_lc=88&experiencevariant=cro-12-2&searchterm=ps5%2Bconsole
2026-08-26T13:41:15,Buscapé (menor preço),PS5 Slim 1TB,4299.9, Playstation 5 Slim Edição Digital 1TB,https://www.buscape.com.br/console-de-video-game/pre-venda-console-playstation-5-slim-1-tb-sony-1214a-4k?_lc=88&experiencevariant=cro-12-2&searchterm=ps5%2Bconsole
2026-08-27T23:35:29,Kabum,RX 9070 XT 16GB,4999.99,"Placa de Vídeo ASRock Radeon RX 9070 XT Challenger, AMD, 16GB - 90-GA61ZZ-00UANF",https://www.kabum.com.br/produto/921271/placa-de-video-asrock-radeon-rx-9070-xt-challenger-amd-16gb-90-ga61zz-00uanf
2026-08-27T23:35:34,Terabyte,RX 9070 XT 16GB,5099.9,Placa de Vídeo ASRock RX 9070 XT Challenger 16GB GDDR6 | Terabyte,https://www.terabyteshop.com.br/produto/38584/placa-de-video-asrock-amd-radeon-rx-9070-xt-challenger-16gb-gddr6-fsr-ray-tracing-90-ga61zz-00uanf
2026-08-27T23:35:40,Promotech (menor preço),RX 9070 XT 16GB,4899.89,"ASRock RX 9070 XT Challenger R$ 4.899,89 ou R$ 5.764,58 parcelado Ver Ofertas",https://promotech.app.br/busca?q=Rx+9070+XT
2026-08-27T23:35:43,Kabum,RTX 5070 Ti 16GB,7649.91,"Placa De Video Msi Geforce RTX 5070 Ti Shadow 3x Oc, 16gb, Gddr7, 256-bit, G507t-16s3c",https://www.kabum.com.br/produto/779497/placa-de-video-msi-geforce-rtx-5070-ti-shadow-3x-oc-16gb-gddr7-256-bit-g507t-16s3c
2026-08-27T23:35:47,Terabyte,RTX 5070 Ti 16GB,8549.91,GPU MSI RTX 5070 Ti Shadow 3X OC 16GB GDDR7 | Terabyte,https://www.terabyteshop.com.br/produto/35475/placa-de-video-msi-nvidia-geforce-rtx-5070-ti-shadow-3x-oc-16gb-gddr7-dlss-ray-tracing-912-v531-097
2026-08-27T23:35:52,Promotech (menor preço),RTX 5070 Ti 16GB,7083.08,"MSI RTX 5070 Ti Shadow 3X OC R$ 7.083,08 ou R$ 7.699,00 parcelado Ver Ofertas",https://promotech.app.br/busca?q=RTX+5070+TI
2026-08-27T23:35:56,Kabum,RTX 5070 12GB,4999.99,"Placa de Vídeo MSI GeForce RTX 5070 12G VENTUS 2X OC,12 GB GDDR7, 28Gbps, NVIDIA GeForce RTX 5070- G5070-12V2C",https://www.kabum.com.br/produto/725587/placa-de-video-msi-geforce-rtx-5070-12g-ventus-2x-oc-12-gb-gddr7-28gbps-nvidia-geforce-rtx-5070-g5070-12v2c
2026-08-27T23:35:58,Terabyte,RTX 5070 12GB,4899.9,Placa de Vídeo Palit RTX 5070 White OC 12GB GDDR7 | Terabyte,https://www.terabyteshop.com.br/produto/40135/placa-de-video-palit-nvidia-geforce-rtx-5070-white-oc-12gb-gddr7-dlss-ray-tracing-ne75070u19k9-gb2050w
2026-08-27T23:36:01,Promotech (menor preço),RTX 5070 12GB,4759.99,"PNY RTX 5070 OC R$ 4.759,99 ou R$ 5.600,04 parcelado Ver Ofertas",https://promotech.app.br/busca?q=RTX+5070
2026-08-27T23:36:05,Buscapé (menor preço),PS5 Edição Digital 825GB,4231.91, PlayStation 5 Edição Digital 825GB,https://www.buscape.com.br/console-de-video-game/console-playstation-5-edicao-digital-sony-4k?_lc=88&experiencevariant=cro-12-2&searchterm=ps5%2Bconsole
2026-08-27T23:36:11,Buscapé (menor preço),PS5 Slim 1TB,4299.9, Playstation 5 Slim Edição Digital 1TB,https://www.buscape.com.br/console-de-video-game/pre-venda-console-playstation-5-slim-1-tb-sony-1214a-4k?_lc=88&experiencevariant=cro-12-2&searchterm=ps5%2Bconsole
2026-08-29T11:05:57,Kabum,RX 9070 XT 16GB,4999.99,"Placa de Vídeo ASRock Radeon RX 9070 XT Challenger, AMD, 16GB - 90-GA61ZZ-00UANF",https://www.kabum.com.br/produto/921271/placa-de-video-asrock-radeon-rx-9070-xt-challenger-amd-16gb-90-ga61zz-00uanf
2026-08-29T11:06:00,Terabyte,RX 9070 XT 16GB,5299.9,Placa de Vídeo ASRock RX 9070 XT Challenger 16GB GDDR6 | Terabyte,https://www.terabyteshop.com.br/produto/38584/placa-de-video-asrock-amd-radeon-rx-9070-xt-challenger-16gb-gddr6-fsr-ray-tracing-90-ga61zz-00uanf
2026-08-29T11:06:04,Promotech (menor preço),RX 9070 XT 16GB,4899.89,"ASRock RX 9070 XT Challenger R$ 4.899,89 ou R$ 5.764,58 parcelado Ver Ofertas",https://promotech.app.br/busca?q=Rx+9070+XT
2026-08-29T11:06:09,Kabum,RTX 5070 Ti 16GB,7649.91,"Placa De Video Msi Geforce RTX 5070 Ti Shadow 3x Oc, 16gb, Gddr7, 256-bit, G507t-16s3c",https://www.kabum.com.br/produto/779497/placa-de-video-msi-geforce-rtx-5070-ti-shadow-3x-oc-16gb-gddr7-256-bit-g507t-16s3c
2026-08-29T11:06:13,Terabyte,RTX 5070 Ti 16GB,8549.91,GPU MSI RTX 5070 Ti Shadow 3X OC 16GB GDDR7 | Terabyte,https://www.terabyteshop.com.br/produto/35475/placa-de-video-msi-nvidia-geforce-rtx-5070-ti-shadow-3x-oc-16gb-gddr7-dlss-ray-tracing-912-v531-097
2026-08-29T11:06:17,Promotech (menor preço),RTX 5070 Ti 16GB,7083.08,"MSI RTX 5070 Ti Shadow 3X OC R$ 7.083,08 ou R$ 7.699,00 parcelado Ver Ofertas",https://promotech.app.br/busca?q=RTX+5070+TI
2026-08-29T11:06:22,Kabum,RTX 5070 12GB,4999.99,"Placa de Vídeo MSI GeForce RTX 5070 12G VENTUS 2X OC,12 GB GDDR7, 28Gbps, NVIDIA GeForce RTX 5070- G5070-12V2C",https://www.kabum.com.br/produto/725587/placa-de-video-msi-geforce-rtx-5070-12g-ventus-2x-oc-12-gb-gddr7-28gbps-nvidia-geforce-rtx-5070-g5070-12v2c
2026-08-29T11:06:26,Terabyte,RTX 5070 12GB,4899.9,Placa de Vídeo Palit RTX 5070 White OC 12GB GDDR7 | Terabyte,https://www.terabyteshop.com.br/produto/40135/placa-de-video-palit-nvidia-geforce-rtx-5070-white-oc-12gb-gddr7-dlss-ray-tracing-ne75070u19k9-gb2050w
2026-08-29T11:06:28,Promotech (menor preço),RTX 5070 12GB,4759.99,"PNY RTX 5070 OC R$ 4.759,99 ou R$ 5.600,04 parcelado Ver Ofertas",https://promotech.app.br/busca?q=RTX+5070
2026-08-29T11:06:33,Buscapé (menor preço),PS5 Edição Digital 825GB,4298.99, PlayStation 5 Edição Digital 825GB,https://www.buscape.com.br/console-de-video-game/console-playstation-5-edicao-digital-sony-4k?_lc=88&experiencevariant=cro-12-2&searchterm=ps5%2Bconsole
2026-08-29T11:06:38,Buscapé (menor preço),PS5 Slim 1TB,4299.9, Playstation 5 Slim Edição Digital 1TB,https://www.buscape.com.br/console-de-video-game/pre-venda-console-playstation-5-slim-1-tb-sony-1214a-4k?_lc=88&experiencevariant=cro-12-2&searchterm=ps5%2Bconsole
2026-08-30T12:18:57,Kabum,RX 9070 XT 16GB,4999.99,"Placa de Vídeo ASRock Radeon RX 9070 XT Challenger, AMD, 16GB - 90-GA61ZZ-00UANF",https://www.kabum.com.br/produto/921271/placa-de-video-asrock-radeon-rx-9070-xt-challenger-amd-16gb-90-ga61zz-00uanf
2026-08-30T12:19:01,Terabyte,RX 9070 XT 16GB,5299.9,Placa de Vídeo ASRock RX 9070 XT Challenger 16GB GDDR6 | Terabyte,https://www.terabyteshop.com.br/produto/38584/placa-de-video-asrock-amd-radeon-rx-9070-xt-challenger-16gb-gddr6-fsr-ray-tracing-90-ga61zz-00uanf
2026-08-30T12:19:05,Promotech (menor preço),RX 9070 XT 16GB,4899.89,"ASRock RX 9070 XT Challenger R$ 4.899,89 ou R$ 5.764,58 parcelado Ver Ofertas",https://promotech.app.br/busca?q=Rx+9070+XT
2026-08-30T12:19:09,Kabum,RTX 5070 Ti 16GB,7649.91,"Placa De Video Msi Geforce RTX 5070 Ti Shadow 3x Oc, 16gb, Gddr7, 256-bit, G507t-16s3c",https://www.kabum.com.br/produto/779497/placa-de-video-msi-geforce-rtx-5070-ti-shadow-3x-oc-16gb-gddr7-256-bit-g507t-16s3c
2026-08-30T12:19:14,Terabyte,RTX 5070 Ti 16GB,8549.91,GPU MSI RTX 5070 Ti Shadow 3X OC 16GB GDDR7 | Terabyte,https://www.terabyteshop.com.br/produto/35475/placa-de-video-msi-nvidia-geforce-rtx-5070-ti-shadow-3x-oc-16gb-gddr7-dlss-ray-tracing-912-v531-097
2026-08-30T12:19:18,Promotech (menor preço),RTX 5070 Ti 16GB,7083.08,"MSI RTX 5070 Ti Shadow 3X OC R$ 7.083,08 ou R$ 7.699,00 parcelado Ver Ofertas",https://promotech.app.br/busca?q=RTX+5070+TI
2026-08-30T12:19:23,Kabum,RTX 5070 12GB,4999.99,"Placa de Vídeo MSI GeForce RTX 5070 12G VENTUS 2X OC,12 GB GDDR7, 28Gbps, NVIDIA GeForce RTX 5070- G5070-12V2C",https://www.kabum.com.br/produto/725587/placa-de-video-msi-geforce-rtx-5070-12g-ventus-2x-oc-12-gb-gddr7-28gbps-nvidia-geforce-rtx-5070-g5070-12v2c
2026-08-30T12:19:26,Terabyte,RTX 5070 12GB,4899.9,Placa de Vídeo Palit RTX 5070 White OC 12GB GDDR7 | Terabyte,https://www.terabyteshop.com.br/produto/40135/placa-de-video-palit-nvidia-geforce-rtx-5070-white-oc-12gb-gddr7-dlss-ray-tracing-ne75070u19k9-gb2050w
2026-08-30T12:19:31,Promotech (menor preço),RTX 5070 12GB,4999.99,"PNY RTX 5070 OC R$ 4.999,99 ou R$ 5.621,11 parcelado Ver Ofertas",https://promotech.app.br/busca?q=RTX+5070
2026-08-30T12:19:36,Buscapé (menor preço),PS5 Edição Digital 825GB,4298.99, PlayStation 5 Edição Digital 825GB,https://www.buscape.com.br/console-de-video-game/console-playstation-5-edicao-digital-sony-4k?_lc=88&experiencevariant=cro-12-2&searchterm=ps5%2Bconsole
2026-08-30T12:19:42,Buscapé (menor preço),PS5 Slim 1TB,4299.9, Playstation 5 Slim Edição Digital 1TB,https://www.buscape.com.br/console-de-video-game/pre-venda-console-playstation-5-slim-1-tb-sony-1214a-4k?_lc=88&experiencevariant=cro-12-2&searchterm=ps5%2Bconsole
2026-08-31T20:37:18,Kabum,RX 9070 XT 16GB,6999.99,"Placa de Vídeo ASRock Radeon RX 9070 XT Challenger, AMD, 16GB - 90-GA61ZZ-00UANF",https://www.kabum.com.br/produto/921271/placa-de-video-asrock-radeon-rx-9070-xt-challenger-amd-16gb-90-ga61zz-00uanf
2026-08-31T20:37:21,Terabyte,RX 9070 XT 16GB,5299.9,Placa de Vídeo ASRock RX 9070 XT Challenger 16GB GDDR6 | Terabyte,https://www.terabyteshop.com.br/produto/38584/placa-de-video-asrock-amd-radeon-rx-9070-xt-challenger-16gb-gddr6-fsr-ray-tracing-90-ga61zz-00uanf
2026-08-31T20:37:26,Promotech (menor preço),RX 9070 XT 16GB,4899.89,"ASRock RX 9070 XT Challenger R$ 4.899,89 ou R$ 5.764,58 parcelado Ver Ofertas",https://promotech.app.br/busca?q=Rx+9070+XT
2026-08-31T20:37:30,Kabum,RTX 5070 Ti 16GB,7649.91,"Placa De Video Msi Geforce RTX 5070 Ti Shadow 3x Oc, 16gb, Gddr7, 256-bit, G507t-16s3c",https://www.kabum.com.br/produto/779497/placa-de-video-msi-geforce-rtx-5070-ti-shadow-3x-oc-16gb-gddr7-256-bit-g507t-16s3c
2026-08-31T20:37:33,Terabyte,RTX 5070 Ti 16GB,8549.91,GPU MSI RTX 5070 Ti Shadow 3X OC 16GB GDDR7 | Terabyte,https://www.terabyteshop.com.br/produto/35475/placa-de-video-msi-nvidia-geforce-rtx-5070-ti-shadow-3x-oc-16gb-gddr7-dlss-ray-tracing-912-v531-097
2026-08-31T20:37:37,Promotech (menor preço),RTX 5070 Ti 16GB,7083.08,"MSI RTX 5070 Ti Shadow 3X OC R$ 7.083,08 ou R$ 7.699,00 parcelado Ver Ofertas",https://promotech.app.br/busca?q=RTX+5070+TI
2026-08-31T20:37:41,Kabum,RTX 5070 12GB,4999.99,"Placa de Vídeo MSI GeForce RTX 5070 12G VENTUS 2X OC,12 GB GDDR7, 28Gbps, NVIDIA GeForce RTX 5070- G5070-12V2C",https://www.kabum.com.br/produto/725587/placa-de-video-msi-geforce-rtx-5070-12g-ventus-2x-oc-12-gb-gddr7-28gbps-nvidia-geforce-rtx-5070-g5070-12v2c
2026-08-31T20:37:47,Terabyte,RTX 5070 12GB,4899.9,Placa de Vídeo Palit RTX 5070 White OC 12GB GDDR7 | Terabyte,https://www.terabyteshop.com.br/produto/40135/placa-de-video-palit-nvidia-geforce-rtx-5070-white-oc-12gb-gddr7-dlss-ray-tracing-ne75070u19k9-gb2050w
2026-08-31T20:37:53,Promotech (menor preço),RTX 5070 12GB,4759.99,"PNY RTX 5070 OC R$ 4.759,99 ou R$ 5.444,90 parcelado Ver Ofertas",https://promotech.app.br/busca?q=RTX+5070
2026-08-31T20:37:59,Buscapé (menor preço),PS5 Edição Digital 825GB,4298.99, PlayStation 5 Edição Digital 825GB,https://www.buscape.com.br/console-de-video-game/console-playstation-5-edicao-digital-sony-4k?_lc=88&experiencevariant=cro-12-2&searchterm=ps5%2Bconsole
2026-08-31T20:38:02,Buscapé (menor preço),PS5 Slim 1TB,4299.9, Playstation 5 Slim Edição Digital 1TB,https://www.buscape.com.br/console-de-video-game/pre-venda-console-playstation-5-slim-1-tb-sony-1214a-4k?_lc=88&experiencevariant=cro-12-2&searchterm=ps5%2Bconsole
2026-08-31T20:56:04,Kabum,RX 9070 XT 16GB,6999.99,"Placa de Vídeo ASRock Radeon RX 9070 XT Challenger, AMD, 16GB - 90-GA61ZZ-00UANF",https://www.kabum.com.br/produto/921271/placa-de-video-asrock-radeon-rx-9070-xt-challenger-amd-16gb-90-ga61zz-00uanf
2026-08-31T20:56:10,Terabyte,RX 9070 XT 16GB,5299.9,Placa de Vídeo ASRock RX 9070 XT Challenger 16GB GDDR6 | Terabyte,https://www.terabyteshop.com.br/produto/38584/placa-de-video-asrock-amd-radeon-rx-9070-xt-challenger-16gb-gddr6-fsr-ray-tracing-90-ga61zz-00uanf
2026-08-31T20:56:14,Promotech (menor preço),RX 9070 XT 16GB,4899.89,"ASRock RX 9070 XT Challenger R$ 4.899,89 ou R$ 5.764,58 parcelado Ver Ofertas",https://promotech.app.br/busca?q=Rx+9070+XT
2026-08-31T20:56:18,Kabum,RTX 5070 Ti 16GB,7649.91,"Placa De Video Msi Geforce RTX 5070 Ti Shadow 3x Oc, 16gb, Gddr7, 256-bit, G507t-16s3c",https://www.kabum.com.br/produto/779497/placa-de-video-msi-geforce-rtx-5070-ti-shadow-3x-oc-16gb-gddr7-256-bit-g507t-16s3c
2026-08-31T20:56:23,Terabyte,RTX 5070 Ti 16GB,8549.91,GPU MSI RTX 5070 Ti Shadow 3X OC 16GB GDDR7 | Terabyte,https://www.terabyteshop.com.br/produto/35475/placa-de-video-msi-nvidia-geforce-rtx-5070-ti-shadow-3x-oc-16gb-gddr7-dlss-ray-tracing-912-v531-097
2026-08-31T20:56:27,Promotech (menor preço),RTX 5070 Ti 16GB,7083.08,"MSI RTX 5070 Ti Shadow 3X OC R$ 7.083,08 ou R$ 7.699,00 parcelado Ver Ofertas",https://promotech.app.br/busca?q=RTX+5070+TI
2026-08-31T20:56:30,Kabum,RTX 5070 12GB,4999.99,"Placa de Vídeo MSI GeForce RTX 5070 12G VENTUS 2X OC,12 GB GDDR7, 28Gbps, NVIDIA GeForce RTX 5070- G5070-12V2C",https://www.kabum.com.br/produto/725587/placa-de-video-msi-geforce-rtx-5070-12g-ventus-2x-oc-12-gb-gddr7-28gbps-nvidia-geforce-rtx-5070-g5070-12v2c
2026-08-31T20:56:36,Terabyte,RTX 5070 12GB,4899.9,Placa de Vídeo Palit RTX 5070 White OC 12GB GDDR7 | Terabyte,https://www.terabyteshop.com.br/produto/40135/placa-de-video-palit-nvidia-geforce-rtx-5070-white-oc-12gb-gddr7-dlss-ray-tracing-ne75070u19k9-gb2050w
2026-08-31T20:56:41,Promotech (menor preço),RTX 5070 12GB,4759.99,"PNY RTX 5070 OC R$ 4.759,99 ou R$ 5.444,90 parcelado Ver Ofertas",https://promotech.app.br/busca?q=RTX+5070
2026-08-31T20:56:45,Buscapé (menor preço),PS5 Edição Digital 825GB,4298.99, PlayStation 5 Edição Digital 825GB,https://www.buscape.com.br/console-de-video-game/console-playstation-5-edicao-digital-sony-4k?_lc=88&experiencevariant=cro-12-2&searchterm=ps5%2Bconsole
2026-08-31T20:56:48,Buscapé (menor preço),PS5 Slim 1TB,4299.9, Playstation 5 Slim Edição Digital 1TB,https://www.buscape.com.br/console-de-video-game/pre-venda-console-playstation-5-slim-1-tb-sony-1214a-4k?_lc=88&experiencevariant=cro-12-2&searchterm=ps5%2Bconsole
2026-08-31T20:57:34,Kabum,RX 9070 XT 16GB,6999.99,"Placa de Vídeo ASRock Radeon RX 9070 XT Challenger, AMD, 16GB - 90-GA61ZZ-00UANF",https://www.kabum.com.br/produto/921271/placa-de-video-asrock-radeon-rx-9070-xt-challenger-amd-16gb-90-ga61zz-00uanf
2026-08-31T20:57:37,Terabyte,RX 9070 XT 16GB,5299.9,Placa de Vídeo ASRock RX 9070 XT Challenger 16GB GDDR6 | Terabyte,https://www.terabyteshop.com.br/produto/38584/placa-de-video-asrock-amd-radeon-rx-9070-xt-challenger-16gb-gddr6-fsr-ray-tracing-90-ga61zz-00uanf
2026-08-31T20:57:42,Promotech (menor preço),RX 9070 XT 16GB,4899.89,"ASRock RX 9070 XT Challenger R$ 4.899,89 ou R$ 5.764,58 parcelado Ver Ofertas",https://promotech.app.br/busca?q=Rx+9070+XT
2026-08-31T20:57:47,Kabum,RTX 5070 Ti 16GB,7649.91,"Placa De Video Msi Geforce RTX 5070 Ti Shadow 3x Oc, 16gb, Gddr7, 256-bit, G507t-16s3c",https://www.kabum.com.br/produto/779497/placa-de-video-msi-geforce-rtx-5070-ti-shadow-3x-oc-16gb-gddr7-256-bit-g507t-16s3c
2026-08-31T20:57:51,Terabyte,RTX 5070 Ti 16GB,8549.91,GPU MSI RTX 5070 Ti Shadow 3X OC 16GB GDDR7 | Terabyte,https://www.terabyteshop.com.br/produto/35475/placa-de-video-msi-nvidia-geforce-rtx-5070-ti-shadow-3x-oc-16gb-gddr7-dlss-ray-tracing-912-v531-097
2026-08-31T20:57:57,Promotech (menor preço),RTX 5070 Ti 16GB,7083.08,"MSI RTX 5070 Ti Shadow 3X OC R$ 7.083,08 ou R$ 7.699,00 parcelado Ver Ofertas",https://promotech.app.br/busca?q=RTX+5070+TI
2026-08-31T20:58:01,Kabum,RTX 5070 12GB,4999.99,"Placa de Vídeo MSI GeForce RTX 5070 12G VENTUS 2X OC,12 GB GDDR7, 28Gbps, NVIDIA GeForce RTX 5070- G5070-12V2C",https://www.kabum.com.br/produto/725587/placa-de-video-msi-geforce-rtx-5070-12g-ventus-2x-oc-12-gb-gddr7-28gbps-nvidia-geforce-rtx-5070-g5070-12v2c
2026-08-31T20:58:06,Terabyte,RTX 5070 12GB,4899.9,Placa de Vídeo Palit RTX 5070 White OC 12GB GDDR7 | Terabyte,https://www.terabyteshop.com.br/produto/40135/placa-de-video-palit-nvidia-geforce-rtx-5070-white-oc-12gb-gddr7-dlss-ray-tracing-ne75070u19k9-gb2050w
2026-08-31T20:58:10,Promotech (menor preço),RTX 5070 12GB,4759.99,"PNY RTX 5070 OC R$ 4.759,99 ou R$ 5.444,90 parcelado Ver Ofertas",https://promotech.app.br/busca?q=RTX+5070
2026-08-31T20:58:14,Buscapé (menor preço),PS5 Edição Digital 825GB,4298.99, PlayStation 5 Edição Digital 825GB,https://www.buscape.com.br/console-de-video-game/console-playstation-5-edicao-digital-sony-4k?_lc=88&experiencevariant=cro-12-2&searchterm=ps5%2Bconsole
2026-08-31T20:58:20,Buscapé (menor preço),PS5 Slim 1TB,4299.9, Playstation 5 Slim Edição Digital 1TB,https://www.buscape.com.br/console-de-video-game/pre-venda-console-playstation-5-slim-1-tb-sony-1214a-4k?_lc=88&experiencevariant=cro-12-2&searchterm=ps5%2Bconsole
2026-09-01T22:18:53,Kabum,RX 9070 XT 16GB,5099.99,"Placa de Vídeo ASRock Radeon RX 9070 XT Challenger, AMD, 16GB - 90-GA61ZZ-00UANF",https://www.kabum.com.br/produto/921271/placa-de-video-asrock-radeon-rx-9070-xt-challenger-amd-16gb-90-ga61zz-00uanf
2026-09-01T22:18:58,Terabyte,RX 9070 XT 16GB,5299.9,Placa de Vídeo ASRock RX 9070 XT Challenger 16GB GDDR6 | Terabyte,https://www.terabyteshop.com.br/produto/38584/placa-de-video-asrock-amd-radeon-rx-9070-xt-challenger-16gb-gddr6-fsr-ray-tracing-90-ga61zz-00uanf
2026-09-01T22:19:01,Promotech (menor preço),RX 9070 XT 16GB,4899.89,"ASRock RX 9070 XT Challenger R$ 4.899,89 ou R$ 5.764,58 parcelado Ver Ofertas",https://promotech.app.br/busca?q=Rx+9070+XT
2026-09-01T22:19:07,Kabum,RTX 5070 Ti 16GB,7649.91,"Placa De Video Msi Geforce RTX 5070 Ti Shadow 3x Oc, 16gb, Gddr7, 256-bit, G507t-16s3c",https://www.kabum.com.br/produto/779497/placa-de-video-msi-geforce-rtx-5070-ti-shadow-3x-oc-16gb-gddr7-256-bit-g507t-16s3c
2026-09-01T22:19:12,Terabyte,RTX 5070 Ti 16GB,8549.91,GPU MSI RTX 5070 Ti Shadow 3X OC 16GB GDDR7 | Terabyte,https://www.terabyteshop.com.br/produto/35475/placa-de-video-msi-nvidia-geforce-rtx-5070-ti-shadow-3x-oc-16gb-gddr7-dlss-ray-tracing-912-v531-097
2026-09-01T22:19:15,Promotech (menor preço),RTX 5070 Ti 16GB,7417.94,"MSI RTX 5070 Ti Shadow 3X OC R$ 7.417,94 ou R$ 8.301,90 parcelado Ver Ofertas",https://promotech.app.br/busca?q=RTX+5070+TI
2026-09-01T22:19:20,Kabum,RTX 5070 12GB,4999.99,"Placa de Vídeo MSI GeForce RTX 5070 12G VENTUS 2X OC,12 GB GDDR7, 28Gbps, NVIDIA GeForce RTX 5070- G5070-12V2C",https://www.kabum.com.br/produto/725587/placa-de-video-msi-geforce-rtx-5070-12g-ventus-2x-oc-12-gb-gddr7-28gbps-nvidia-geforce-rtx-5070-g5070-12v2c
2026-09-01T22:19:23,Terabyte,RTX 5070 12GB,4899.9,Placa de Vídeo Palit RTX 5070 White OC 12GB GDDR7 | Terabyte,https://www.terabyteshop.com.br/produto/40135/placa-de-video-palit-nvidia-geforce-rtx-5070-white-oc-12gb-gddr7-dlss-ray-tracing-ne75070u19k9-gb2050w
2026-09-01T22:19:32,Promotech (menor preço),RTX 5070 12GB,4859.99,"PNY RTX 5070 OC R$ 4.859,99 ou R$ 5.444,90 parcelado Ver Ofertas",https://promotech.app.br/busca?q=RTX+5070
2026-09-01T22:19:37,Buscapé (menor preço),PS5 Edição Digital 825GB,4299.0, PlayStation 5 Edição Digital 825GB,https://www.buscape.com.br/console-de-video-game/console-playstation-5-edicao-digital-sony-4k?_lc=88&experiencevariant=cro-12-2&searchterm=ps5%2Bconsole
2026-09-01T22:19:40,Buscapé (menor preço),PS5 Slim 1TB,4299.9, Playstation 5 Slim Edição Digital 1TB,https://www.buscape.com.br/console-de-video-game/pre-venda-console-playstation-5-slim-1-tb-sony-1214a-4k?_lc=88&experiencevariant=cro-12-2&searchterm=ps5%2Bconsole
2026-09-02T23:34:49,Kabum,RX 9070 XT 16GB,5099.99,"Placa de Vídeo ASRock Radeon RX 9070 XT Challenger, AMD, 16GB - 90-GA61ZZ-00UANF",https://www.kabum.com.br/produto/921271/placa-de-video-asrock-radeon-rx-9070-xt-challenger-amd-16gb-90-ga61zz-00uanf
2026-09-02T23:34:53,Terabyte,RX 9070 XT 16GB,5299.9,Placa de Vídeo ASRock RX 9070 XT Challenger 16GB GDDR6 | Terabyte,https://www.terabyteshop.com.br/produto/38584/placa-de-video-asrock-amd-radeon-rx-9070-xt-challenger-16gb-gddr6-fsr-ray-tracing-90-ga61zz-00uanf
2026-09-02T23:34:58,Promotech (menor preço),RX 9070 XT 16GB,4899.89,"ASRock RX 9070 XT Challenger R$ 4.899,89 ou R$ 5.764,58 parcelado Ver Ofertas",https://promotech.app.br/busca?q=Rx+9070+XT
2026-09-02T23:35:02,Kabum,RTX 5070 Ti 16GB,7649.91,"Placa De Video Msi Geforce RTX 5070 Ti Shadow 3x Oc, 16gb, Gddr7, 256-bit, G507t-16s3c",https://www.kabum.com.br/produto/779497/placa-de-video-msi-geforce-rtx-5070-ti-shadow-3x-oc-16gb-gddr7-256-bit-g507t-16s3c
2026-09-02T23:35:05,Terabyte,RTX 5070 Ti 16GB,8549.91,GPU MSI RTX 5070 Ti Shadow 3X OC 16GB GDDR7 | Terabyte,https://www.terabyteshop.com.br/produto/35475/placa-de-video-msi-nvidia-geforce-rtx-5070-ti-shadow-3x-oc-16gb-gddr7-dlss-ray-tracing-912-v531-097
2026-09-02T23:35:08,Promotech (menor preço),RTX 5070 Ti 16GB,7417.94,"MSI RTX 5070 Ti Shadow 3X OC R$ 7.417,94 ou R$ 8.726,99 parcelado Ver Ofertas",https://promotech.app.br/busca?q=RTX+5070+TI
2026-09-02T23:35:13,Kabum,RTX 5070 12GB,4999.99,"Placa de Vídeo MSI GeForce RTX 5070 12G VENTUS 2X OC,12 GB GDDR7, 28Gbps, NVIDIA GeForce RTX 5070- G5070-12V2C",https://www.kabum.com.br/produto/725587/placa-de-video-msi-geforce-rtx-5070-12g-ventus-2x-oc-12-gb-gddr7-28gbps-nvidia-geforce-rtx-5070-g5070-12v2c
2026-09-02T23:35:17,Terabyte,RTX 5070 12GB,4899.9,Placa de Vídeo Palit RTX 5070 White OC 12GB GDDR7 | Terabyte,https://www.terabyteshop.com.br/produto/40135/placa-de-video-palit-nvidia-geforce-rtx-5070-white-oc-12gb-gddr7-dlss-ray-tracing-ne75070u19k9-gb2050w
2026-09-02T23:35:22,Promotech (menor preço),RTX 5070 12GB,4999.99,"PNY RTX 5070 OC R$ 4.999,99 ou R$ 5.444,90 parcelado Ver Ofertas",https://promotech.app.br/busca?q=RTX+5070
2026-09-02T23:35:27,Buscapé (menor preço),PS5 Edição Digital 825GB,4199.9, PlayStation 5 Edição Digital 825GB,https://www.buscape.com.br/console-de-video-game/console-playstation-5-edicao-digital-sony-4k?_lc=88&experiencevariant=cro-12-2&searchterm=ps5%2Bconsole
2026-09-02T23:35:32,Buscapé (menor preço),PS5 Slim 1TB,4299.9, Playstation 5 Slim Edição Digital 1TB,https://www.buscape.com.br/console-de-video-game/pre-venda-console-playstation-5-slim-1-tb-sony-1214a-4k?_lc=88&experiencevariant=cro-12-2&searchterm=ps5%2Bconsole
2026-09-03T22:33:05,Kabum,RX 9070 XT 16GB,5099.99,"Placa de Vídeo ASRock Radeon RX 9070 XT Challenger, AMD, 16GB - 90-GA61ZZ-00UANF",https://www.kabum.com.br/produto/921271/placa-de-video-asrock-radeon-rx-9070-xt-challenger-amd-16gb-90-ga61zz-00uanf
2026-09-03T22:33:10,Terabyte,RX 9070 XT 16GB,5599.9,Placa de Vídeo ASRock RX 9070 XT Challenger 16GB GDDR6 | Terabyte,https://www.terabyteshop.com.br/produto/38584/placa-de-video-asrock-amd-radeon-rx-9070-xt-challenger-16gb-gddr6-fsr-ray-tracing-90-ga61zz-00uanf
2026-09-03T22:33:13,Promotech (menor preço),RX 9070 XT 16GB,4899.89,"ASRock RX 9070 XT Challenger R$ 4.899,89 ou R$ 5.764,58 parcelado Ver Ofertas",https://promotech.app.br/busca?q=Rx+9070+XT
2026-09-03T22:33:17,Kabum,RTX 5070 Ti 16GB,7649.91,"Placa De Video Msi Geforce RTX 5070 Ti Shadow 3x Oc, 16gb, Gddr7, 256-bit, G507t-16s3c",https://www.kabum.com.br/produto/779497/placa-de-video-msi-geforce-rtx-5070-ti-shadow-3x-oc-16gb-gddr7-256-bit-g507t-16s3c
2026-09-03T22:33:21,Terabyte,RTX 5070 Ti 16GB,8549.91,GPU MSI RTX 5070 Ti Shadow 3X OC 16GB GDDR7 | Terabyte,https://www.terabyteshop.com.br/produto/35475/placa-de-video-msi-nvidia-geforce-rtx-5070-ti-shadow-3x-oc-16gb-gddr7-dlss-ray-tracing-912-v531-097
2026-09-03T22:33:25,Promotech (menor preço),RTX 5070 Ti 16GB,8649.0,"MSI RTX 5070 Ti Shadow 3X OC R$ 8.649,00 ou R$ 8.999,00 parcelado Ver Ofertas",https://promotech.app.br/busca?q=RTX+5070+TI
2026-09-03T22:33:29,Kabum,RTX 5070 12GB,6000.0,"Placa de Vídeo MSI GeForce RTX 5070 12G VENTUS 2X OC,12 GB GDDR7, 28Gbps, NVIDIA GeForce RTX 5070- G5070-12V2C",https://www.kabum.com.br/produto/725587/placa-de-video-msi-geforce-rtx-5070-12g-ventus-2x-oc-12-gb-gddr7-28gbps-nvidia-geforce-rtx-5070-g5070-12v2c
2026-09-03T22:33:35,Terabyte,RTX 5070 12GB,5199.9,Placa de Vídeo Palit RTX 5070 White OC 12GB GDDR7 | Terabyte,https://www.terabyteshop.com.br/produto/40135/placa-de-video-palit-nvidia-geforce-rtx-5070-white-oc-12gb-gddr7-dlss-ray-tracing-ne75070u19k9-gb2050w
2026-09-03T22:33:40,Promotech (menor preço),RTX 5070 12GB,4859.99,"PNY RTX 5070 OC R$ 4.859,99 ou R$ 5.444,90 parcelado Ver Ofertas",https://promotech.app.br/busca?q=RTX+5070
2026-09-03T22:33:46,Buscapé (menor preço),PS5 Edição Digital 825GB,4250.0, PlayStation 5 Edição Digital 825GB,https://www.buscape.com.br/console-de-video-game/console-playstation-5-edicao-digital-sony-4k?_lc=88&experiencevariant=cro-12-2&searchterm=ps5%2Bconsole
2026-09-03T22:33:50,Buscapé (menor preço),PS5 Slim 1TB,4299.9, Playstation 5 Slim Edição Digital 1TB,https://www.buscape.com.br/console-de-video-game/pre-venda-console-playstation-5-slim-1-tb-sony-1214a-4k?_lc=88&experiencevariant=cro-12-2&searchterm=ps5%2Bconsole
2026-09-05T07:55:27,Kabum,RX 9070 XT 16GB,5099.99,"Placa de Vídeo ASRock Radeon RX 9070 XT Challenger, AMD, 16GB - 90-GA61ZZ-00UANF",https://www.kabum.com.br/produto/921271/placa-de-video-asrock-radeon-rx-9070-xt-challenger-amd-16gb-90-ga61zz-00uanf
2026-09-05T07:55:32,Terabyte,RX 9070 XT 16GB,6999.99,Placa de Vídeo ASRock RX 9070 XT Challenger 16GB GDDR6 | Terabyte,https://www.terabyteshop.com.br/produto/38584/placa-de-video-asrock-amd-radeon-rx-9070-xt-challenger-16gb-gddr6-fsr-ray-tracing-90-ga61zz-00uanf
2026-09-05T07:55:38,Promotech (menor preço),RX 9070 XT 16GB,4899.89,"ASRock RX 9070 XT Challenger R$ 4.899,89 ou R$ 5.764,58 parcelado Ver Ofertas",https://promotech.app.br/busca?q=Rx+9070+XT
2026-09-05T07:55:43,Kabum,RTX 5070 Ti 16GB,7649.91,"Placa De Video Msi Geforce RTX 5070 Ti Shadow 3x Oc, 16gb, Gddr7, 256-bit, G507t-16s3c",https://www.kabum.com.br/produto/779497/placa-de-video-msi-geforce-rtx-5070-ti-shadow-3x-oc-16gb-gddr7-256-bit-g507t-16s3c
2026-09-05T07:55:46,Terabyte,RTX 5070 Ti 16GB,8549.91,GPU MSI RTX 5070 Ti Shadow 3X OC 16GB GDDR7 | Terabyte,https://www.terabyteshop.com.br/produto/35475/placa-de-video-msi-nvidia-geforce-rtx-5070-ti-shadow-3x-oc-16gb-gddr7-dlss-ray-tracing-912-v531-097
2026-09-05T07:55:51,Promotech (menor preço),RTX 5070 Ti 16GB,7739.14,"MSI RTX 5070 Ti Shadow 3X OC R$ 7.739,14 ou R$ 8.999,04 parcelado Ver Ofertas",https://promotech.app.br/busca?q=RTX+5070+TI
2026-09-05T07:55:56,Kabum,RTX 5070 12GB,6000.0,"Placa de Vídeo MSI GeForce RTX 5070 12G VENTUS 2X OC,12 GB GDDR7, 28Gbps, NVIDIA GeForce RTX 5070- G5070-12V2C",https://www.kabum.com.br/produto/725587/placa-de-video-msi-geforce-rtx-5070-12g-ventus-2x-oc-12-gb-gddr7-28gbps-nvidia-geforce-rtx-5070-g5070-12v2c
2026-09-05T07:56:00,Terabyte,RTX 5070 12GB,4599.99,Placa de Vídeo Palit RTX 5070 White OC 12GB GDDR7 | Terabyte,https://www.terabyteshop.com.br/produto/40135/placa-de-video-palit-nvidia-geforce-rtx-5070-white-oc-12gb-gddr7-dlss-ray-tracing-ne75070u19k9-gb2050w
2026-09-05T07:56:04,Promotech (menor preço),RTX 5070 12GB,4599.99,"PNY RTX 5070 OC R$ 4.599,99 ou R$ 5.411,76 parcelado Ver Ofertas",https://promotech.app.br/busca?q=RTX+5070
2026-09-05T07:56:09,Buscapé (menor preço),PS5 Edição Digital 825GB,4250.0, PlayStation 5 Edição Digital 825GB,https://www.buscape.com.br/console-de-video-game/console-playstation-5-edicao-digital-sony-4k?_lc=88&experiencevariant=cro-12-2&searchterm=ps5%2Bconsole
2026-09-05T07:56:12,Buscapé (menor preço),PS5 Slim 1TB,4299.9, Playstation 5 Slim Edição Digital 1TB,https://www.buscape.com.br/console-de-video-game/pre-venda-console-playstation-5-slim-1-tb-sony-1214a-4k?_lc=88&experiencevariant=cro-12-2&searchterm=ps5%2Bconsole
2026-09-06T08:01:47,Kabum,RX 9070 XT 16GB,5099.99,"Placa de Vídeo ASRock Radeon RX 9070 XT Challenger, AMD, 16GB - 90-GA61ZZ-00UANF",https://www.kabum.com.br/produto/921271/placa-de-video-asrock-radeon-rx-9070-xt-challenger-amd-16gb-90-ga61zz-00uanf
2026-09-06T08:01:51,Terabyte,RX 9070 XT 16GB,5599.9,Placa de Vídeo ASRock RX 9070 XT Challenger 16GB GDDR6 | Terabyte,https://www.terabyteshop.com.br/produto/38584/placa-de-video-asrock-amd-radeon-rx-9070-xt-challenger-16gb-gddr6-fsr-ray-tracing-90-ga61zz-00uanf
2026-09-06T08:01:56,Promotech (menor preço),RX 9070 XT 16GB,4899.89,"ASRock RX 9070 XT Challenger R$ 4.899,89 ou R$ 5.764,58 parcelado Ver Ofertas",https://promotech.app.br/busca?q=Rx+9070+XT
2026-09-06T08:02:01,Kabum,RTX 5070 Ti 16GB,7649.91,"Placa De Video Msi Geforce RTX 5070 Ti Shadow 3x Oc, 16gb, Gddr7, 256-bit, G507t-16s3c",https://www.kabum.com.br/produto/779497/placa-de-video-msi-geforce-rtx-5070-ti-shadow-3x-oc-16gb-gddr7-256-bit-g507t-16s3c
2026-09-06T08:02:03,Terabyte,RTX 5070 Ti 16GB,8549.91,GPU MSI RTX 5070 Ti Shadow 3X OC 16GB GDDR7 | Terabyte,https://www.terabyteshop.com.br/produto/35475/placa-de-video-msi-nvidia-geforce-rtx-5070-ti-shadow-3x-oc-16gb-gddr7-dlss-ray-tracing-912-v531-097
2026-09-06T08:02:07,Promotech (menor preço),RTX 5070 Ti 16GB,7739.14,"MSI RTX 5070 Ti Shadow 3X OC R$ 7.739,14 ou R$ 8.999,04 parcelado Ver Ofertas",https://promotech.app.br/busca?q=RTX+5070+TI
2026-09-06T08:02:11,Kabum,RTX 5070 12GB,4999.99,"Placa de Vídeo MSI GeForce RTX 5070 12G VENTUS 2X OC,12 GB GDDR7, 28Gbps, NVIDIA GeForce RTX 5070- G5070-12V2C",https://www.kabum.com.br/produto/725587/placa-de-video-msi-geforce-rtx-5070-12g-ventus-2x-oc-12-gb-gddr7-28gbps-nvidia-geforce-rtx-5070-g5070-12v2c
2026-09-06T08:02:15,Terabyte,RTX 5070 12GB,4599.99,Placa de Vídeo Palit RTX 5070 White OC 12GB GDDR7 | Terabyte,https://www.terabyteshop.com.br/produto/40135/placa-de-video-palit-nvidia-geforce-rtx-5070-white-oc-12gb-gddr7-dlss-ray-tracing-ne75070u19k9-gb2050w
2026-09-06T08:02:20,Promotech (menor preço),RTX 5070 12GB,4599.99,"PNY RTX 5070 OC R$ 4.599,99 ou R$ 5.411,76 parcelado Ver Ofertas",https://promotech.app.br/busca?q=RTX+5070
2026-09-06T08:02:25,Buscapé (menor preço),PS5 Edição Digital 825GB,4250.0, PlayStation 5 Edição Digital 825GB,https://www.buscape.com.br/console-de-video-game/console-playstation-5-edicao-digital-sony-4k?_lc=88&experiencevariant=cro-12-2&searchterm=ps5%2Bconsole
2026-09-06T08:02:30,Buscapé (menor preço),PS5 Slim 1TB,4299.9, Playstation 5 Slim Edição Digital 1TB,https://www.buscape.com.br/console-de-video-game/pre-venda-console-playstation-5-slim-1-tb-sony-1214a-4k?_lc=88&experiencevariant=cro-12-2&searchterm=ps5%2Bconsole
2026-09-07T08:49:07,Kabum,RX 9070 XT 16GB,5099.99,"Placa de Vídeo ASRock Radeon RX 9070 XT Challenger, AMD, 16GB - 90-GA61ZZ-00UANF",https://www.kabum.com.br/produto/921271/placa-de-video-asrock-radeon-rx-9070-xt-challenger-amd-16gb-90-ga61zz-00uanf
2026-09-07T08:49:10,Terabyte,RX 9070 XT 16GB,5599.9,Placa de Vídeo ASRock RX 9070 XT Challenger 16GB GDDR6 | Terabyte,https://www.terabyteshop.com.br/produto/38584/placa-de-video-asrock-amd-radeon-rx-9070-xt-challenger-16gb-gddr6-fsr-ray-tracing-90-ga61zz-00uanf
2026-09-07T08:49:13,Promotech (menor preço),RX 9070 XT 16GB,4899.89,"ASRock RX 9070 XT Challenger R$ 4.899,89 ou R$ 5.764,58 parcelado Ver Ofertas",https://promotech.app.br/busca?q=Rx+9070+XT
2026-09-07T08:49:18,Kabum,RTX 5070 Ti 16GB,7649.91,"Placa De Video Msi Geforce RTX 5070 Ti Shadow 3x Oc, 16gb, Gddr7, 256-bit, G507t-16s3c",https://www.kabum.com.br/produto/779497/placa-de-video-msi-geforce-rtx-5070-ti-shadow-3x-oc-16gb-gddr7-256-bit-g507t-16s3c
2026-09-07T08:49:21,Terabyte,RTX 5070 Ti 16GB,8549.91,GPU MSI RTX 5070 Ti Shadow 3X OC 16GB GDDR7 | Terabyte,https://www.terabyteshop.com.br/produto/35475/placa-de-video-msi-nvidia-geforce-rtx-5070-ti-shadow-3x-oc-16gb-gddr7-dlss-ray-tracing-912-v531-097
2026-09-07T08:49:26,Promotech (menor preço),RTX 5070 Ti 16GB,7739.14,"MSI RTX 5070 Ti Shadow 3X OC R$ 7.739,14 ou R$ 8.999,04 parcelado Ver Ofertas",https://promotech.app.br/busca?q=RTX+5070+TI
2026-09-07T08:49:29,Kabum,RTX 5070 12GB,4999.99,"Placa de Vídeo MSI GeForce RTX 5070 12G VENTUS 2X OC,12 GB GDDR7, 28Gbps, NVIDIA GeForce RTX 5070- G5070-12V2C",https://www.kabum.com.br/produto/725587/placa-de-video-msi-geforce-rtx-5070-12g-ventus-2x-oc-12-gb-gddr7-28gbps-nvidia-geforce-rtx-5070-g5070-12v2c
2026-09-07T08:49:33,Terabyte,RTX 5070 12GB,4599.99,Placa de Vídeo Palit RTX 5070 White OC 12GB GDDR7 | Terabyte,https://www.terabyteshop.com.br/produto/40135/placa-de-video-palit-nvidia-geforce-rtx-5070-white-oc-12gb-gddr7-dlss-ray-tracing-ne75070u19k9-gb2050w
2026-09-07T08:49:37,Promotech (menor preço),RTX 5070 12GB,4859.99,"PNY RTX 5070 OC R$ 4.859,99 ou R$ 5.444,90 parcelado Ver Ofertas",https://promotech.app.br/busca?q=RTX+5070
2026-09-07T08:49:42,Buscapé (menor preço),PS5 Edição Digital 825GB,4250.0, PlayStation 5 Edição Digital 825GB,https://www.buscape.com.br/console-de-video-game/console-playstation-5-edicao-digital-sony-4k?_lc=88&experiencevariant=cro-12-2&searchterm=ps5%2Bconsole
2026-09-07T08:49:47,Buscapé (menor preço),PS5 Slim 1TB,4299.9, Playstation 5 Slim Edição Digital 1TB,https://www.buscape.com.br/console-de-video-game/pre-venda-console-playstation-5-slim-1-tb-sony-1214a-4k?_lc=88&experiencevariant=cro-12-2&searchterm=ps5%2Bconsole
2026-09-08T22:54:26,Kabum,RX 9070 XT 16GB,5599.99,"Placa de Vídeo ASRock Radeon RX 9070 XT Challenger, AMD, 16GB - 90-GA61ZZ-00UANF",https://www.kabum.com.br/produto/921271/placa-de-video-asrock-radeon-rx-9070-xt-challenger-amd-16gb-90-ga61zz-00uanf
2026-09-08T22:54:31,Terabyte,RX 9070 XT 16GB,5599.9,Placa de Vídeo ASRock RX 9070 XT Challenger 16GB GDDR6 | Terabyte,https://www.terabyteshop.com.br/produto/38584/placa-de-video-asrock-amd-radeon-rx-9070-xt-challenger-16gb-gddr6-fsr-ray-tracing-90-ga61zz-00uanf
2026-09-08T22:54:35,Promotech (menor preço),RX 9070 XT 16GB,4899.89,"ASRock RX 9070 XT Challenger R$ 4.899,89 ou R$ 5.764,58 parcelado Ver Ofertas",https://promotech.app.br/busca?q=Rx+9070+XT
2026-09-08T22:54:40,Kabum,RTX 5070 Ti 16GB,7649.91,"Placa De Video Msi Geforce RTX 5070 Ti Shadow 3x Oc, 16gb, Gddr7, 256-bit, G507t-16s3c",https://www.kabum.com.br/produto/779497/placa-de-video-msi-geforce-rtx-5070-ti-shadow-3x-oc-16gb-gddr7-256-bit-g507t-16s3c
2026-09-08T22:54:43,Terabyte,RTX 5070 Ti 16GB,8549.91,GPU MSI RTX 5070 Ti Shadow 3X OC 16GB GDDR7 | Terabyte,https://www.terabyteshop.com.br/produto/35475/placa-de-video-msi-nvidia-geforce-rtx-5070-ti-shadow-3x-oc-16gb-gddr7-dlss-ray-tracing-912-v531-097
2026-09-08T22:54:47,Promotech (menor preço),RTX 5070 Ti 16GB,7739.14,"MSI RTX 5070 Ti Shadow 3X OC R$ 7.739,14 ou R$ 8.999,04 parcelado Ver Ofertas",https://promotech.app.br/busca?q=RTX+5070+TI
2026-09-08T22:54:50,Kabum,RTX 5070 12GB,6000.0,"Placa de Vídeo MSI GeForce RTX 5070 12G VENTUS 2X OC,12 GB GDDR7, 28Gbps, NVIDIA GeForce RTX 5070- G5070-12V2C",https://www.kabum.com.br/produto/725587/placa-de-video-msi-geforce-rtx-5070-12g-ventus-2x-oc-12-gb-gddr7-28gbps-nvidia-geforce-rtx-5070-g5070-12v2c
2026-09-08T22:54:55,Terabyte,RTX 5070 12GB,5199.9,Placa de Vídeo Palit RTX 5070 White OC 12GB GDDR7 | Terabyte,https://www.terabyteshop.com.br/produto/40135/placa-de-video-palit-nvidia-geforce-rtx-5070-white-oc-12gb-gddr7-dlss-ray-tracing-ne75070u19k9-gb2050w
2026-09-08T22:55:00,Promotech (menor preço),RTX 5070 12GB,4999.99,"PNY RTX 5070 OC R$ 4.999,99 ou R$ 5.444,90 parcelado Ver Ofertas",https://promotech.app.br/busca?q=RTX+5070
2026-09-08T22:55:04,Buscapé (menor preço),PS5 Edição Digital 825GB,4299.0, PlayStation 5 Edição Digital 825GB,https://www.buscape.com.br/console-de-video-game/console-playstation-5-edicao-digital-sony-4k?_lc=88&experiencevariant=cro-12-2&searchterm=ps5%2Bconsole
2026-09-08T22:55:09,Buscapé (menor preço),PS5 Slim 1TB,4399.0, Playstation 5 Slim Edição Digital 1TB,https://www.buscape.com.br/console-de-video-game/pre-venda-console-playstation-5-slim-1-tb-sony-1214a-4k?_lc=88&experiencevariant=cro-12-2&searchterm=ps5%2Bconsole
2026-09-09T23:17:21,Kabum,RX 9070 XT 16GB,5899.99,"Placa de Vídeo ASRock Radeon RX 9070 XT Challenger, AMD, 16GB - 90-GA61ZZ-00UANF",https://www.kabum.com.br/produto/921271/placa-de-video-asrock-radeon-rx-9070-xt-challenger-amd-16gb-90-ga61zz-00uanf
2026-09-09T23:17:24,Terabyte,RX 9070 XT 16GB,5299.9,Placa de Vídeo ASRock RX 9070 XT Challenger 16GB GDDR6 | Terabyte,https://www.terabyteshop.com.br/produto/38584/placa-de-video-asrock-amd-radeon-rx-9070-xt-challenger-16gb-gddr6-fsr-ray-tracing-90-ga61zz-00uanf
2026-09-09T23:17:29,Promotech (menor preço),RX 9070 XT 16GB,4899.89,"ASRock RX 9070 XT Challenger R$ 4.899,89 ou R$ 5.764,58 parcelado Ver Ofertas",https://promotech.app.br/busca?q=Rx+9070+XT
2026-09-09T23:17:32,Kabum,RTX 5070 Ti 16GB,7649.91,"Placa De Video Msi Geforce RTX 5070 Ti Shadow 3x Oc, 16gb, Gddr7, 256-bit, G507t-16s3c",https://www.kabum.com.br/produto/779497/placa-de-video-msi-geforce-rtx-5070-ti-shadow-3x-oc-16gb-gddr7-256-bit-g507t-16s3c
2026-09-09T23:17:37,Terabyte,RTX 5070 Ti 16GB,8549.91,GPU MSI RTX 5070 Ti Shadow 3X OC 16GB GDDR7 | Terabyte,https://www.terabyteshop.com.br/produto/35475/placa-de-video-msi-nvidia-geforce-rtx-5070-ti-shadow-3x-oc-16gb-gddr7-dlss-ray-tracing-912-v531-097
2026-09-09T23:17:39,Promotech (menor preço),RTX 5070 Ti 16GB,7739.14,"MSI RTX 5070 Ti Shadow 3X OC R$ 7.739,14 ou R$ 8.999,04 parcelado Ver Ofertas",https://promotech.app.br/busca?q=RTX+5070+TI
2026-09-09T23:17:43,Kabum,RTX 5070 12GB,5599.99,"Placa de Vídeo MSI GeForce RTX 5070 12G VENTUS 2X OC,12 GB GDDR7, 28Gbps, NVIDIA GeForce RTX 5070- G5070-12V2C",https://www.kabum.com.br/produto/725587/placa-de-video-msi-geforce-rtx-5070-12g-ventus-2x-oc-12-gb-gddr7-28gbps-nvidia-geforce-rtx-5070-g5070-12v2c
2026-09-09T23:17:46,Terabyte,RTX 5070 12GB,5199.9,Placa de Vídeo Palit RTX 5070 White OC 12GB GDDR7 | Terabyte,https://www.terabyteshop.com.br/produto/40135/placa-de-video-palit-nvidia-geforce-rtx-5070-white-oc-12gb-gddr7-dlss-ray-tracing-ne75070u19k9-gb2050w
2026-09-09T23:17:49,Promotech (menor preço),RTX 5070 12GB,4999.99,"PNY RTX 5070 OC R$ 4.999,99 ou R$ 5.621,11 parcelado Ver Ofertas",https://promotech.app.br/busca?q=RTX+5070
2026-09-09T23:17:55,Buscapé (menor preço),PS5 Edição Digital 825GB,4299.0, PlayStation 5 Edição Digital 825GB,https://www.buscape.com.br/console-de-video-game/console-playstation-5-edicao-digital-sony-4k?_lc=88&experiencevariant=cro-12-2&searchterm=ps5%2Bconsole
2026-09-09T23:18:00,Buscapé (menor preço),PS5 Slim 1TB,3999.99, Playstation 5 Slim Edição Digital 1TB,https://www.buscape.com.br/console-de-video-game/pre-venda-console-playstation-5-slim-1-tb-sony-1214a-4k?_lc=88&experiencevariant=cro-12-2&searchterm=ps5%2Bconsole
2026-09-10T09:23:38,Kabum,RX 9070 XT 16GB,5899.99,"Placa de Vídeo ASRock Radeon RX 9070 XT Challenger, AMD, 16GB - 90-GA61ZZ-00UANF",https://www.kabum.com.br/produto/921271/placa-de-video-asrock-radeon-rx-9070-xt-challenger-amd-16gb-90-ga61zz-00uanf
2026-09-10T09:23:42,Terabyte,RX 9070 XT 16GB,5299.9,Placa de Vídeo ASRock RX 9070 XT Challenger 16GB GDDR6 | Terabyte,https://www.terabyteshop.com.br/produto/38584/placa-de-video-asrock-amd-radeon-rx-9070-xt-challenger-16gb-gddr6-fsr-ray-tracing-90-ga61zz-00uanf
2026-09-10T09:23:46,Promotech (menor preço),RX 9070 XT 16GB,4899.89,"ASRock RX 9070 XT Challenger R$ 4.899,89 ou R$ 5.764,58 parcelado Ver Ofertas",https://promotech.app.br/busca?q=Rx+9070+XT
2026-09-10T09:23:52,Kabum,RTX 5070 Ti 16GB,7649.91,"Placa De Video Msi Geforce RTX 5070 Ti Shadow 3x Oc, 16gb, Gddr7, 256-bit, G507t-16s3c",https://www.kabum.com.br/produto/779497/placa-de-video-msi-geforce-rtx-5070-ti-shadow-3x-oc-16gb-gddr7-256-bit-g507t-16s3c
2026-09-10T09:23:57,Terabyte,RTX 5070 Ti 16GB,8549.91,GPU MSI RTX 5070 Ti Shadow 3X OC 16GB GDDR7 | Terabyte,https://www.terabyteshop.com.br/produto/35475/placa-de-video-msi-nvidia-geforce-rtx-5070-ti-shadow-3x-oc-16gb-gddr7-dlss-ray-tracing-912-v531-097
2026-09-10T09:24:02,Promotech (menor preço),RTX 5070 Ti 16GB,7739.14,"MSI RTX 5070 Ti Shadow 3X OC R$ 7.739,14 ou R$ 8.999,04 parcelado Ver Ofertas",https://promotech.app.br/busca?q=RTX+5070+TI
2026-09-10T09:24:06,Kabum,RTX 5070 12GB,5599.99,"Placa de Vídeo MSI GeForce RTX 5070 12G VENTUS 2X OC,12 GB GDDR7, 28Gbps, NVIDIA GeForce RTX 5070- G5070-12V2C",https://www.kabum.com.br/produto/725587/placa-de-video-msi-geforce-rtx-5070-12g-ventus-2x-oc-12-gb-gddr7-28gbps-nvidia-geforce-rtx-5070-g5070-12v2c
2026-09-10T09:24:10,Terabyte,RTX 5070 12GB,5199.9,Placa de Vídeo Palit RTX 5070 White OC 12GB GDDR7 | Terabyte,https://www.terabyteshop.com.br/produto/40135/placa-de-video-palit-nvidia-geforce-rtx-5070-white-oc-12gb-gddr7-dlss-ray-tracing-ne75070u19k9-gb2050w
2026-09-10T09:24:15,Promotech (menor preço),RTX 5070 12GB,4599.99,"PNY RTX 5070 OC R$ 4.599,99 ou R$ 5.411,76 parcelado Ver Ofertas",https://promotech.app.br/busca?q=RTX+5070
2026-09-10T09:24:19,Buscapé (menor preço),PS5 Edição Digital 825GB,4299.0, PlayStation 5 Edição Digital 825GB,https://www.buscape.com.br/console-de-video-game/console-playstation-5-edicao-digital-sony-4k?_lc=88&experiencevariant=cro-12-2&searchterm=ps5%2Bconsole
2026-09-10T09:24:24,Buscapé (menor preço),PS5 Slim 1TB,4599.9, Playstation 5 Slim Edição Digital 1TB,https://www.buscape.com.br/console-de-video-game/pre-venda-console-playstation-5-slim-1-tb-sony-1214a-4k?_lc=88&experiencevariant=cro-12-2&searchterm=ps5%2Bconsole
2026-09-11T21:13:30,Kabum,RX 9070 XT 16GB,5899.99,"Placa de Vídeo ASRock Radeon RX 9070 XT Challenger, AMD, 16GB - 90-GA61ZZ-00UANF",https://www.kabum.com.br/produto/921271/placa-de-video-asrock-radeon-rx-9070-xt-challenger-amd-16gb-90-ga61zz-00uanf
2026-09-11T21:13:33,Terabyte,RX 9070 XT 16GB,5399.9,Placa de Vídeo ASRock RX 9070 XT Challenger 16GB GDDR6 | Terabyte,https://www.terabyteshop.com.br/produto/38584/placa-de-video-asrock-amd-radeon-rx-9070-xt-challenger-16gb-gddr6-fsr-ray-tracing-90-ga61zz-00uanf
2026-09-11T21:13:37,Promotech (menor preço),RX 9070 XT 16GB,4899.89,"ASRock RX 9070 XT Challenger R$ 4.899,89 ou R$ 5.764,58 parcelado Ver Ofertas",https://promotech.app.br/busca?q=Rx+9070+XT
2026-09-11T21:13:41,Kabum,RTX 5070 Ti 16GB,7649.91,"Placa De Video Msi Geforce RTX 5070 Ti Shadow 3x Oc, 16gb, Gddr7, 256-bit, G507t-16s3c",https://www.kabum.com.br/produto/779497/placa-de-video-msi-geforce-rtx-5070-ti-shadow-3x-oc-16gb-gddr7-256-bit-g507t-16s3c
2026-09-11T21:13:47,Terabyte,RTX 5070 Ti 16GB,8549.91,GPU MSI RTX 5070 Ti Shadow 3X OC 16GB GDDR7 | Terabyte,https://www.terabyteshop.com.br/produto/35475/placa-de-video-msi-nvidia-geforce-rtx-5070-ti-shadow-3x-oc-16gb-gddr7-dlss-ray-tracing-912-v531-097
2026-09-11T21:13:52,Promotech (menor preço),RTX 5070 Ti 16GB,7739.14,"MSI RTX 5070 Ti Shadow 3X OC R$ 7.739,14 ou R$ 8.999,04 parcelado Ver Ofertas",https://promotech.app.br/busca?q=RTX+5070+TI
2026-09-11T21:13:57,Kabum,RTX 5070 12GB,5599.99,"Placa de Vídeo MSI GeForce RTX 5070 12G VENTUS 2X OC,12 GB GDDR7, 28Gbps, NVIDIA GeForce RTX 5070- G5070-12V2C",https://www.kabum.com.br/produto/725587/placa-de-video-msi-geforce-rtx-5070-12g-ventus-2x-oc-12-gb-gddr7-28gbps-nvidia-geforce-rtx-5070-g5070-12v2c
2026-09-11T21:14:01,Terabyte,RTX 5070 12GB,5199.9,Placa de Vídeo Palit RTX 5070 White OC 12GB GDDR7 | Terabyte,https://www.terabyteshop.com.br/produto/40135/placa-de-video-palit-nvidia-geforce-rtx-5070-white-oc-12gb-gddr7-dlss-ray-tracing-ne75070u19k9-gb2050w
2026-09-11T21:14:07,Promotech (menor preço),RTX 5070 12GB,4999.99,"PNY RTX 5070 OC R$ 4.999,99 ou R$ 5.882,40 parcelado Ver Ofertas",https://promotech.app.br/busca?q=RTX+5070
2026-09-11T21:14:10,Buscapé (menor preço),PS5 Edição Digital 825GB,4299.0, PlayStation 5 Edição Digital 825GB,https://www.buscape.com.br/console-de-video-game/console-playstation-5-edicao-digital-sony-4k?_lc=88&experiencevariant=cro-12-2&searchterm=ps5%2Bconsole
2026-09-11T21:14:14,Buscapé (menor preço),PS5 Slim 1TB,4599.9, Playstation 5 Slim Edição Digital 1TB,https://www.buscape.com.br/console-de-video-game/pre-venda-console-playstation-5-slim-1-tb-sony-1214a-4k?_lc=88&experiencevariant=cro-12-2&searchterm=ps5%2Bconsole
2026-09-12T08:35:28,Kabum,RX 9070 XT 16GB,5899.99,"Placa de Vídeo ASRock Radeon RX 9070 XT Challenger, AMD, 16GB - 90-GA61ZZ-00UANF",https://www.kabum.com.br/produto/921271/placa-de-video-asrock-radeon-rx-9070-xt-challenger-amd-16gb-90-ga61zz-00uanf
2026-09-12T08:35:31,Terabyte,RX 9070 XT 16GB,5399.9,Placa de Vídeo ASRock RX 9070 XT Challenger 16GB GDDR6 | Terabyte,https://www.terabyteshop.com.br/produto/38584/placa-de-video-asrock-amd-radeon-rx-9070-xt-challenger-16gb-gddr6-fsr-ray-tracing-90-ga61zz-00uanf
2026-09-12T08:35:35,Promotech (menor preço),RX 9070 XT 16GB,4899.89,"ASRock RX 9070 XT Challenger R$ 4.899,89 ou R$ 5.764,58 parcelado Ver Ofertas",https://promotech.app.br/busca?q=Rx+9070+XT
2026-09-12T08:35:39,Kabum,RTX 5070 Ti 16GB,7649.91,"Placa De Video Msi Geforce RTX 5070 Ti Shadow 3x Oc, 16gb, Gddr7, 256-bit, G507t-16s3c",https://www.kabum.com.br/produto/779497/placa-de-video-msi-geforce-rtx-5070-ti-shadow-3x-oc-16gb-gddr7-256-bit-g507t-16s3c
2026-09-12T08:35:43,Terabyte,RTX 5070 Ti 16GB,8549.91,GPU MSI RTX 5070 Ti Shadow 3X OC 16GB GDDR7 | Terabyte,https://www.terabyteshop.com.br/produto/35475/placa-de-video-msi-nvidia-geforce-rtx-5070-ti-shadow-3x-oc-16gb-gddr7-dlss-ray-tracing-912-v531-097
2026-09-12T08:35:46,Promotech (menor preço),RTX 5070 Ti 16GB,7739.14,"MSI RTX 5070 Ti Shadow 3X OC R$ 7.739,14 ou R$ 8.999,04 parcelado Ver Ofertas",https://promotech.app.br/busca?q=RTX+5070+TI
2026-09-12T08:35:51,Kabum,RTX 5070 12GB,5599.99,"Placa de Vídeo MSI GeForce RTX 5070 12G VENTUS 2X OC,12 GB GDDR7, 28Gbps, NVIDIA GeForce RTX 5070- G5070-12V2C",https://www.kabum.com.br/produto/725587/placa-de-video-msi-geforce-rtx-5070-12g-ventus-2x-oc-12-gb-gddr7-28gbps-nvidia-geforce-rtx-5070-g5070-12v2c
2026-09-12T08:35:56,Terabyte,RTX 5070 12GB,5199.9,Placa de Vídeo Palit RTX 5070 White OC 12GB GDDR7 | Terabyte,https://www.terabyteshop.com.br/produto/40135/placa-de-video-palit-nvidia-geforce-rtx-5070-white-oc-12gb-gddr7-dlss-ray-tracing-ne75070u19k9-gb2050w
2026-09-12T08:36:00,Promotech (menor preço),RTX 5070 12GB,4999.99,"PNY RTX 5070 OC R$ 4.999,99 ou R$ 5.882,40 parcelado Ver Ofertas",https://promotech.app.br/busca?q=RTX+5070
2026-09-12T08:36:04,Buscapé (menor preço),PS5 Edição Digital 825GB,4299.0, PlayStation 5 Edição Digital 825GB,https://www.buscape.com.br/console-de-video-game/console-playstation-5-edicao-digital-sony-4k?_lc=88&experiencevariant=cro-12-2&searchterm=ps5%2Bconsole
2026-09-12T08:36:08,Buscapé (menor preço),PS5 Slim 1TB,4599.9, Playstation 5 Slim Edição Digital 1TB,https://www.buscape.com.br/console-de-video-game/pre-venda-console-playstation-5-slim-1-tb-sony-1214a-4k?_lc=88&experiencevariant=cro-12-2&searchterm=ps5%2Bconsole
2026-09-13T00:07:57,Kabum,RX 9070 XT 16GB,5899.99,"Placa de Vídeo ASRock Radeon RX 9070 XT Challenger, AMD, 16GB - 90-GA61ZZ-00UANF",https://www.kabum.com.br/produto/921271/placa-de-video-asrock-radeon-rx-9070-xt-challenger-amd-16gb-90-ga61zz-00uanf
2026-09-13T00:08:01,Terabyte,RX 9070 XT 16GB,5399.9,Placa de Vídeo ASRock RX 9070 XT Challenger 16GB GDDR6 | Terabyte,https://www.terabyteshop.com.br/produto/38584/placa-de-video-asrock-amd-radeon-rx-9070-xt-challenger-16gb-gddr6-fsr-ray-tracing-90-ga61zz-00uanf
2026-09-13T00:08:05,Promotech (menor preço),RX 9070 XT 16GB,4899.89,"ASRock RX 9070 XT Challenger R$ 4.899,89 ou R$ 5.764,58 parcelado Ver Ofertas",https://promotech.app.br/busca?q=Rx+9070+XT
2026-09-13T00:08:10,Kabum,RTX 5070 Ti 16GB,7649.91,"Placa De Video Msi Geforce RTX 5070 Ti Shadow 3x Oc, 16gb, Gddr7, 256-bit, G507t-16s3c",https://www.kabum.com.br/produto/779497/placa-de-video-msi-geforce-rtx-5070-ti-shadow-3x-oc-16gb-gddr7-256-bit-g507t-16s3c
2026-09-13T00:08:14,Terabyte,RTX 5070 Ti 16GB,8549.91,GPU MSI RTX 5070 Ti Shadow 3X OC 16GB GDDR7 | Terabyte,https://www.terabyteshop.com.br/produto/35475/placa-de-video-msi-nvidia-geforce-rtx-5070-ti-shadow-3x-oc-16gb-gddr7-dlss-ray-tracing-912-v531-097
2026-09-13T00:08:18,Promotech (menor preço),RTX 5070 Ti 16GB,7739.14,"MSI RTX 5070 Ti Shadow 3X OC R$ 7.739,14 ou R$ 8.999,04 parcelado Ver Ofertas",https://promotech.app.br/busca?q=RTX+5070+TI
2026-09-13T00:08:21,Kabum,RTX 5070 12GB,5599.99,"Placa de Vídeo MSI GeForce RTX 5070 12G VENTUS 2X OC,12 GB GDDR7, 28Gbps, NVIDIA GeForce RTX 5070- G5070-12V2C",https://www.kabum.com.br/produto/725587/placa-de-video-msi-geforce-rtx-5070-12g-ventus-2x-oc-12-gb-gddr7-28gbps-nvidia-geforce-rtx-5070-g5070-12v2c
2026-09-13T00:08:25,Terabyte,RTX 5070 12GB,5199.9,Placa de Vídeo Palit RTX 5070 White OC 12GB GDDR7 | Terabyte,https://www.terabyteshop.com.br/produto/40135/placa-de-video-palit-nvidia-geforce-rtx-5070-white-oc-12gb-gddr7-dlss-ray-tracing-ne75070u19k9-gb2050w
2026-09-13T00:08:29,Promotech (menor preço),RTX 5070 12GB,4999.99,"PNY RTX 5070 OC R$ 4.999,99 ou R$ 5.882,40 parcelado Ver Ofertas",https://promotech.app.br/busca?q=RTX+5070
2026-09-13T00:08:33,Buscapé (menor preço),PS5 Edição Digital 825GB,4299.0, PlayStation 5 Edição Digital 825GB,https://www.buscape.com.br/console-de-video-game/console-playstation-5-edicao-digital-sony-4k?_lc=88&experiencevariant=cro-12-2&searchterm=ps5%2Bconsole
2026-09-13T00:08:37,Buscapé (menor preço),PS5 Slim 1TB,4599.9, Playstation 5 Slim Edição Digital 1TB,https://www.buscape.com.br/console-de-video-game/pre-venda-console-playstation-5-slim-1-tb-sony-1214a-4k?_lc=88&experiencevariant=cro-12-2&searchterm=ps5%2Bconsole
2026-09-13T20:16:32,Kabum,RX 9070 XT 16GB,5899.99,"Placa de Vídeo ASRock Radeon RX 9070 XT Challenger, AMD, 16GB - 90-GA61ZZ-00UANF",https://www.kabum.com.br/produto/921271/placa-de-video-asrock-radeon-rx-9070-xt-challenger-amd-16gb-90-ga61zz-00uanf
2026-09-13T20:16:37,Terabyte,RX 9070 XT 16GB,5399.9,Placa de Vídeo ASRock RX 9070 XT Challenger 16GB GDDR6 | Terabyte,https://www.terabyteshop.com.br/produto/38584/placa-de-video-asrock-amd-radeon-rx-9070-xt-challenger-16gb-gddr6-fsr-ray-tracing-90-ga61zz-00uanf
2026-09-13T20:16:41,Promotech (menor preço),RX 9070 XT 16GB,5252.15,"ASRock RX 9070 XT Challenger R$ 5.252,15 ou R$ 5.843,00 parcelado Ver Ofertas",https://promotech.app.br/busca?q=Rx+9070+XT
2026-09-13T20:16:43,Kabum,RTX 5070 Ti 16GB,7649.91,"Placa De Video Msi Geforce RTX 5070 Ti Shadow 3x Oc, 16gb, Gddr7, 256-bit, G507t-16s3c",https://www.kabum.com.br/produto/779497/placa-de-video-msi-geforce-rtx-5070-ti-shadow-3x-oc-16gb-gddr7-256-bit-g507t-16s3c
2026-09-13T20:16:47,Terabyte,RTX 5070 Ti 16GB,8549.91,GPU MSI RTX 5070 Ti Shadow 3X OC 16GB GDDR7 | Terabyte,https://www.terabyteshop.com.br/produto/35475/placa-de-video-msi-nvidia-geforce-rtx-5070-ti-shadow-3x-oc-16gb-gddr7-dlss-ray-tracing-912-v531-097
2026-09-13T20:16:53,Promotech (menor preço),RTX 5070 Ti 16GB,7739.14,"MSI RTX 5070 Ti Shadow 3X OC R$ 7.739,14 ou R$ 8.999,04 parcelado Ver Ofertas",https://promotech.app.br/busca?q=RTX+5070+TI
2026-09-13T20:16:56,Kabum,RTX 5070 12GB,5599.99,"Placa de Vídeo MSI GeForce RTX 5070 12G VENTUS 2X OC,12 GB GDDR7, 28Gbps, NVIDIA GeForce RTX 5070- G5070-12V2C",https://www.kabum.com.br/produto/725587/placa-de-video-msi-geforce-rtx-5070-12g-ventus-2x-oc-12-gb-gddr7-28gbps-nvidia-geforce-rtx-5070-g5070-12v2c
2026-09-13T20:17:02,Terabyte,RTX 5070 12GB,5199.9,Placa de Vídeo Palit RTX 5070 White OC 12GB GDDR7 | Terabyte,https://www.terabyteshop.com.br/produto/40135/placa-de-video-palit-nvidia-geforce-rtx-5070-white-oc-12gb-gddr7-dlss-ray-tracing-ne75070u19k9-gb2050w
2026-09-13T20:17:05,Promotech (menor preço),RTX 5070 12GB,4999.99,"PNY RTX 5070 OC R$ 4.999,99 ou R$ 5.882,40 parcelado Ver Ofertas",https://promotech.app.br/busca?q=RTX+5070
2026-09-13T20:17:09,Buscapé (menor preço),PS5 Edição Digital 825GB,4299.0, PlayStation 5 Edição Digital 825GB,https://www.buscape.com.br/console-de-video-game/console-playstation-5-edicao-digital-sony-4k?_lc=88&experiencevariant=cro-12-2&searchterm=ps5%2Bconsole
2026-09-13T20:17:15,Buscapé (menor preço),PS5 Slim 1TB,4599.9, Playstation 5 Slim Edição Digital 1TB,https://www.buscape.com.br/console-de-video-game/pre-venda-console-playstation-5-slim-1-tb-sony-1214a-4k?_lc=88&experiencevariant=cro-12-2&searchterm=ps5%2Bconsole
2026-09-15T21:53:20,Kabum,RX 9070 XT 16GB,5299.99,"Placa de Vídeo ASRock Radeon RX 9070 XT Challenger, AMD, 16GB - 90-GA61ZZ-00UANF",https://www.kabum.com.br/produto/921271/placa-de-video-asrock-radeon-rx-9070-xt-challenger-amd-16gb-90-ga61zz-00uanf
2026-09-15T21:53:24,Terabyte,RX 9070 XT 16GB,5399.9,Placa de Vídeo ASRock RX 9070 XT Challenger 16GB GDDR6 | Terabyte,https://www.terabyteshop.com.br/produto/38584/placa-de-video-asrock-amd-radeon-rx-9070-xt-challenger-16gb-gddr6-fsr-ray-tracing-90-ga61zz-00uanf
2026-09-15T21:53:31,Promotech (menor preço),RX 9070 XT 16GB,5252.15,"ASRock RX 9070 XT Challenger R$ 5.252,15 ou R$ 5.975,10 parcelado Ver Ofertas",https://promotech.app.br/busca?q=Rx+9070+XT
2026-09-15T21:53:35,Kabum,RTX 5070 Ti 16GB,7649.91,"Placa De Video Msi Geforce RTX 5070 Ti Shadow 3x Oc, 16gb, Gddr7, 256-bit, G507t-16s3c",https://www.kabum.com.br/produto/779497/placa-de-video-msi-geforce-rtx-5070-ti-shadow-3x-oc-16gb-gddr7-256-bit-g507t-16s3c
2026-09-15T21:53:39,Terabyte,RTX 5070 Ti 16GB,8549.91,GPU MSI RTX 5070 Ti Shadow 3X OC 16GB GDDR7 | Terabyte,https://www.terabyteshop.com.br/produto/35475/placa-de-video-msi-nvidia-geforce-rtx-5070-ti-shadow-3x-oc-16gb-gddr7-dlss-ray-tracing-912-v531-097
2026-09-15T21:53:44,Promotech (menor preço),RTX 5070 Ti 16GB,7739.14,"MSI RTX 5070 Ti Shadow 3X OC R$ 7.739,14 ou R$ 8.999,04 parcelado Ver Ofertas",https://promotech.app.br/busca?q=RTX+5070+TI
2026-09-15T21:53:49,Kabum,RTX 5070 12GB,5099.99,"Placa de Vídeo MSI GeForce RTX 5070 12G VENTUS 2X OC,12 GB GDDR7, 28Gbps, NVIDIA GeForce RTX 5070- G5070-12V2C",https://www.kabum.com.br/produto/725587/placa-de-video-msi-geforce-rtx-5070-12g-ventus-2x-oc-12-gb-gddr7-28gbps-nvidia-geforce-rtx-5070-g5070-12v2c
2026-09-15T21:53:51,Terabyte,RTX 5070 12GB,5199.9,Placa de Vídeo Palit RTX 5070 White OC 12GB GDDR7 | Terabyte,https://www.terabyteshop.com.br/produto/40135/placa-de-video-palit-nvidia-geforce-rtx-5070-white-oc-12gb-gddr7-dlss-ray-tracing-ne75070u19k9-gb2050w
2026-09-15T21:53:55,Promotech (menor preço),RTX 5070 12GB,4999.99,"PNY RTX 5070 OC R$ 4.999,99 ou R$ 5.882,40 parcelado Ver Ofertas",https://promotech.app.br/busca?q=RTX+5070
2026-09-15T21:53:59,Buscapé (menor preço),PS5 Edição Digital 825GB,4399.0, PlayStation 5 Edição Digital 825GB,https://www.buscape.com.br/console-de-video-game/console-playstation-5-edicao-digital-sony-4k?_lc=88&experiencevariant=cro-12-2&searchterm=ps5%2Bconsole
2026-09-15T21:54:03,Buscapé (menor preço),PS5 Slim 1TB,4600.0, Playstation 5 Slim Edição Digital 1TB,https://www.buscape.com.br/console-de-video-game/pre-venda-console-playstation-5-slim-1-tb-sony-1214a-4k?_lc=88&experiencevariant=cro-12-2&searchterm=ps5%2Bconsole
2026-09-16T23:06:31,Kabum,RX 9070 XT 16GB,5499.99,"Placa de Vídeo ASRock Radeon RX 9070 XT Challenger, AMD, 16GB - 90-GA61ZZ-00UANF",https://www.kabum.com.br/produto/921271/placa-de-video-asrock-radeon-rx-9070-xt-challenger-amd-16gb-90-ga61zz-00uanf
2026-09-16T23:06:36,Terabyte,RX 9070 XT 16GB,5399.9,Placa de Vídeo ASRock RX 9070 XT Challenger 16GB GDDR6 | Terabyte,https://www.terabyteshop.com.br/produto/38584/placa-de-video-asrock-amd-radeon-rx-9070-xt-challenger-16gb-gddr6-fsr-ray-tracing-90-ga61zz-00uanf
2026-09-16T23:06:39,Promotech (menor preço),RX 9070 XT 16GB,5252.15,"ASRock RX 9070 XT Challenger R$ 5.252,15 ou R$ 6.179,00 parcelado Ver Ofertas",https://promotech.app.br/busca?q=Rx+9070+XT
2026-09-16T23:06:43,Kabum,RTX 5070 Ti 16GB,7649.91,"Placa De Video Msi Geforce RTX 5070 Ti Shadow 3x Oc, 16gb, Gddr7, 256-bit, G507t-16s3c",https://www.kabum.com.br/produto/779497/placa-de-video-msi-geforce-rtx-5070-ti-shadow-3x-oc-16gb-gddr7-256-bit-g507t-16s3c
2026-09-16T23:06:48,Terabyte,RTX 5070 Ti 16GB,8549.91,GPU MSI RTX 5070 Ti Shadow 3X OC 16GB GDDR7 | Terabyte,https://www.terabyteshop.com.br/produto/35475/placa-de-video-msi-nvidia-geforce-rtx-5070-ti-shadow-3x-oc-16gb-gddr7-dlss-ray-tracing-912-v531-097
2026-09-16T23:06:53,Promotech (menor preço),RTX 5070 Ti 16GB,8299.0,"MSI RTX 5070 Ti Shadow 3X OC R$ 8.299,00 ou R$ 9.380,00 parcelado Ver Ofertas",https://promotech.app.br/busca?q=RTX+5070+TI
2026-09-16T23:06:58,Kabum,RTX 5070 12GB,5099.99,"Placa de Vídeo MSI GeForce RTX 5070 12G VENTUS 2X OC,12 GB GDDR7, 28Gbps, NVIDIA GeForce RTX 5070- G5070-12V2C",https://www.kabum.com.br/produto/725587/placa-de-video-msi-geforce-rtx-5070-12g-ventus-2x-oc-12-gb-gddr7-28gbps-nvidia-geforce-rtx-5070-g5070-12v2c
2026-09-16T23:07:00,Terabyte,RTX 5070 12GB,6199.9,Placa de Vídeo Palit RTX 5070 White OC 12GB GDDR7 | Terabyte,https://www.terabyteshop.com.br/produto/40135/placa-de-video-palit-nvidia-geforce-rtx-5070-white-oc-12gb-gddr7-dlss-ray-tracing-ne75070u19k9-gb2050w
2026-09-16T23:07:06,Promotech (menor preço),RTX 5070 12GB,5199.99,"PNY RTX 5070 OC R$ 5.199,99 ou R$ 6.117,60 parcelado Ver Ofertas",https://promotech.app.br/busca?q=RTX+5070
2026-09-16T23:07:10,Buscapé (menor preço),PS5 Edição Digital 825GB,4399.0, PlayStation 5 Edição Digital 825GB,https://www.buscape.com.br/console-de-video-game/console-playstation-5-edicao-digital-sony-4k?_lc=88&experiencevariant=cro-12-2&searchterm=ps5%2Bconsole
2026-09-16T23:07:15,Buscapé (menor preço),PS5 Slim 1TB,4277.9, Playstation 5 Slim Edição Digital 1TB,https://www.buscape.com.br/console-de-video-game/pre-venda-console-playstation-5-slim-1-tb-sony-1214a-4k?_lc=88&experiencevariant=cro-12-2&searchterm=ps5%2Bconsole
2026-09-18T21:39:54,Kabum,RX 9070 XT 16GB,5499.99,"Placa de Vídeo ASRock Radeon RX 9070 XT Challenger, AMD, 16GB - 90-GA61ZZ-00UANF",https://www.kabum.com.br/produto/921271/placa-de-video-asrock-radeon-rx-9070-xt-challenger-amd-16gb-90-ga61zz-00uanf
2026-09-18T21:40:00,Terabyte,RX 9070 XT 16GB,6649.99,Placa de Vídeo ASRock RX 9070 XT Challenger 16GB GDDR6 | Terabyte,https://www.terabyteshop.com.br/produto/38584/placa-de-video-asrock-amd-radeon-rx-9070-xt-challenger-16gb-gddr6-fsr-ray-tracing-90-ga61zz-00uanf
2026-09-18T21:40:06,Kabum,RTX 5070 Ti 16GB,7649.91,"Placa De Video Msi Geforce RTX 5070 Ti Shadow 3x Oc, 16gb, Gddr7, 256-bit, G507t-16s3c",https://www.kabum.com.br/produto/779497/placa-de-video-msi-geforce-rtx-5070-ti-shadow-3x-oc-16gb-gddr7-256-bit-g507t-16s3c
2026-09-18T21:40:10,Terabyte,RTX 5070 Ti 16GB,8549.91,GPU MSI RTX 5070 Ti Shadow 3X OC 16GB GDDR7 | Terabyte,https://www.terabyteshop.com.br/produto/35475/placa-de-video-msi-nvidia-geforce-rtx-5070-ti-shadow-3x-oc-16gb-gddr7-dlss-ray-tracing-912-v531-097
2026-09-18T21:40:17,Kabum,RTX 5070 12GB,5199.99,"Placa de Vídeo MSI GeForce RTX 5070 12G VENTUS 2X OC,12 GB GDDR7, 28Gbps, NVIDIA GeForce RTX 5070- G5070-12V2C",https://www.kabum.com.br/produto/725587/placa-de-video-msi-geforce-rtx-5070-12g-ventus-2x-oc-12-gb-gddr7-28gbps-nvidia-geforce-rtx-5070-g5070-12v2c
2026-09-18T21:40:22,Terabyte,RTX 5070 12GB,5889.91,Placa de Vídeo Palit RTX 5070 White OC 12GB GDDR7 | Terabyte,https://www.terabyteshop.com.br/produto/40135/placa-de-video-palit-nvidia-geforce-rtx-5070-white-oc-12gb-gddr7-dlss-ray-tracing-ne75070u19k9-gb2050w
2026-09-18T21:40:31,Buscapé (menor preço),PS5 Edição Digital 825GB,4299.9, PlayStation 5 Edição Digital 825GB,https://www.buscape.com.br/console-de-video-game/console-playstation-5-edicao-digital-sony-4k?_lc=88&experiencevariant=cro-12-2&searchterm=ps5%2Bconsole
2026-09-18T21:40:35,Buscapé (menor preço),PS5 Slim 1TB,4299.9, Playstation 5 Slim Edição Digital 1TB,https://www.buscape.com.br/console-de-video-game/pre-venda-console-playstation-5-slim-1-tb-sony-1214a-4k?_lc=88&experiencevariant=cro-12-2&searchterm=ps5%2Bconsole
2026-09-19T09:02:23,Kabum,RX 9070 XT 16GB,5499.99,"Placa de Vídeo ASRock Radeon RX 9070 XT Challenger, AMD, 16GB - 90-GA61ZZ-00UANF",https://www.kabum.com.br/produto/921271/placa-de-video-asrock-radeon-rx-9070-xt-challenger-amd-16gb-90-ga61zz-00uanf
2026-09-19T09:02:28,Terabyte,RX 9070 XT 16GB,6649.99,Placa de Vídeo ASRock RX 9070 XT Challenger 16GB GDDR6 | Terabyte,https://www.terabyteshop.com.br/produto/38584/placa-de-video-asrock-amd-radeon-rx-9070-xt-challenger-16gb-gddr6-fsr-ray-tracing-90-ga61zz-00uanf
2026-09-19T09:02:33,Buscapé (menor preço),RX 9070 XT 16GB,5499.99,"Placa de Vídeo ASRock Radeon RX 9070 XT Challenger, AMD, 16GB - 90-GA61ZZ-00UANF",https://www.buscape.com.br/search?q=rx%209070%20xt
2026-09-19T09:02:38,Kabum,RTX 5070 Ti 16GB,7649.91,"Placa De Video Msi Geforce RTX 5070 Ti Shadow 3x Oc, 16gb, Gddr7, 256-bit, G507t-16s3c",https://www.kabum.com.br/produto/779497/placa-de-video-msi-geforce-rtx-5070-ti-shadow-3x-oc-16gb-gddr7-256-bit-g507t-16s3c
2026-09-19T09:02:40,Terabyte,RTX 5070 Ti 16GB,8549.91,GPU MSI RTX 5070 Ti Shadow 3X OC 16GB GDDR7 | Terabyte,https://www.terabyteshop.com.br/produto/35475/placa-de-video-msi-nvidia-geforce-rtx-5070-ti-shadow-3x-oc-16gb-gddr7-dlss-ray-tracing-912-v531-097
2026-09-19T09:02:45,Buscapé (menor preço),RTX 5070 Ti 16GB,9077.68,"Placa de Vídeo MSI NVIDIA GeForce RTX 5070 Ti Shadow 3X OC, 16GB, GDDR",https://www.buscape.com.br/search?q=rtx%205070%20ti
2026-09-19T09:02:49,Kabum,RTX 5070 12GB,5199.99,"Placa de Vídeo MSI GeForce RTX 5070 12G VENTUS 2X OC,12 GB GDDR7, 28Gbps, NVIDIA GeForce RTX 5070- G5070-12V2C",https://www.kabum.com.br/produto/725587/placa-de-video-msi-geforce-rtx-5070-12g-ventus-2x-oc-12-gb-gddr7-28gbps-nvidia-geforce-rtx-5070-g5070-12v2c
2026-09-19T09:02:54,Terabyte,RTX 5070 12GB,5889.91,Placa de Vídeo Palit RTX 5070 White OC 12GB GDDR7 | Terabyte,https://www.terabyteshop.com.br/produto/40135/placa-de-video-palit-nvidia-geforce-rtx-5070-white-oc-12gb-gddr7-dlss-ray-tracing-ne75070u19k9-gb2050w
2026-09-19T09:02:58,Buscapé (menor preço),RTX 5070 12GB,5199.99,"Placa de Vídeo MSI GeForce RTX 5070 12G VENTUS 2X OC,12 GB GDDR7, 28Gbps, NVIDIA GeForce RTX 5070- G5070-12V2C",https://www.buscape.com.br/search?q=rtx%205070
2026-09-19T09:03:02,Buscapé (menor preço),PS5 Edição Digital 825GB,4299.9, PlayStation 5 Edição Digital 825GB,https://www.buscape.com.br/console-de-video-game/console-playstation-5-edicao-digital-sony-4k?_lc=88&experiencevariant=cro-12-2&searchterm=ps5%2Bconsole
2026-09-19T09:03:06,Buscapé (menor preço),PS5 Slim 1TB,4299.9, Playstation 5 Slim Edição Digital 1TB,https://www.buscape.com.br/console-de-video-game/pre-venda-console-playstation-5-slim-1-tb-sony-1214a-4k?_lc=88&experiencevariant=cro-12-2&searchterm=ps5%2Bconsole
